Top pages,Clicks,Impressions,CTR,Position
https://topcryptocards.eu/en/crypto-card-cashback,3,464,0.65%,56.79
https://topcryptocards.eu/en/reviews/young-platform-card/,3,12,25%,11.17
https://topcryptocards.eu/en/crypto-card-travel,2,259,0.77%,57.34
https://topcryptocards.eu/en/crypto-card-no-fees,2,186,1.08%,49.28
https://topcryptocards.eu/es/tarjeta-cripto-cashback/,2,106,1.89%,50.33
https://topcryptocards.eu/en/cards/fuse-card,2,17,11.76%,11.35
https://topcryptocards.eu/it/recensioni/bleap-card,2,10,20%,13
https://topcryptocards.eu/en/brands,1,1036,0.1%,77.23
https://topcryptocards.eu/en/crypto-card-no-fees/,1,159,0.63%,54.97
https://topcryptocards.eu/es/mejor-tarjeta-cripto,1,85,1.18%,47.2
https://topcryptocards.eu/,1,76,1.32%,35.97
https://topcryptocards.eu/de/beste-krypto-karte,1,64,1.56%,69.06
https://topcryptocards.eu/es/mejor-tarjeta-cripto/,1,59,1.69%,65.34
https://topcryptocards.eu/es/tarjeta-cripto-sin-comisiones/,1,52,1.92%,47.58
https://topcryptocards.eu/en/cards/kucard,1,31,3.23%,15.55
https://topcryptocards.eu/fr/carte-crypto-voyage/,1,29,3.45%,21.28
https://topcryptocards.eu/fr/cartes/gnosis-pay-card,1,20,5%,16.6
https://topcryptocards.eu/fr/cartes/okx-card,1,18,5.56%,10.22
https://topcryptocards.eu/en/reviews/,1,17,5.88%,16.47
https://topcryptocards.eu/en/cards/solid-card,1,15,6.67%,7.6
https://topcryptocards.eu/en/cards/exa-card/,1,15,6.67%,12.93
https://topcryptocards.eu/fr/avis/bleap-card,1,14,7.14%,8.5
https://topcryptocards.eu/at/karten/okx-card/,1,14,7.14%,63.86
https://topcryptocards.eu/es/tarjetas/crypto-com-jade-green,1,12,8.33%,16.17
https://topcryptocards.eu/it/carte/crypto-com-royal-indigo,1,11,9.09%,30.36
https://topcryptocards.eu/es/tarjetas/okx-card,1,9,11.11%,7.44
https://topcryptocards.eu/en/cards/xplace-card,1,7,14.29%,13.57
https://topcryptocards.eu/es/tarjetas/crypto-com-royal-indigo,1,5,20%,25
https://topcryptocards.eu/es/tarjetas/bitpanda-card,1,4,25%,20.25
https://topcryptocards.eu/fr/,1,3,33.33%,70
https://topcryptocards.eu/es/marcas/plutus/,1,2,50%,14.5
https://topcryptocards.eu/de/karten/gnosis-pay-card/,1,1,100%,1
https://topcryptocards.eu/it/recensioni/bleap-card/,1,1,100%,10
https://topcryptocards.eu/at/bewertungen/bleap-card,1,1,100%,16
https://topcryptocards.eu/en,0,700,0%,74.83
https://topcryptocards.eu/es,0,616,0%,63.71
https://topcryptocards.eu/es/,0,493,0%,65.87
https://topcryptocards.eu/es/tarjeta-cripto-viaje,0,374,0%,66.27
https://topcryptocards.eu/en/,0,261,0%,73.96
https://topcryptocards.eu/en/crypto-card-cashback/,0,254,0%,60.26
https://topcryptocards.eu/en/reviews,0,247,0%,78.82
https://topcryptocards.eu/en/best-crypto-card/,0,245,0%,73.39
https://topcryptocards.eu/en/crypto-card-rewards,0,234,0%,59.06
https://topcryptocards.eu/en/crypto-card-travel/,0,224,0%,51.29
https://topcryptocards.eu/en/best-crypto-card,0,170,0%,66.44
https://topcryptocards.eu/en/cards/binance-standard,0,164,0%,43.23
https://topcryptocards.eu/en/crypto-card-rewards/,0,163,0%,62.8
https://topcryptocards.eu/en/cards/okx-card,0,138,0%,12.41
https://topcryptocards.eu/en/cards/plutus-card,0,119,0%,29.39
https://topcryptocards.eu/en/cards/kast-card/,0,118,0%,28.98
https://topcryptocards.eu/de/,0,117,0%,83.1
https://topcryptocards.eu/es/tarjeta-cripto-sin-comisiones,0,114,0%,51.27
https://topcryptocards.eu/es/tarjeta-cripto-recompensas/,0,105,0%,75.29
https://topcryptocards.eu/en/brands/trade-republic,0,103,0%,39.94
https://topcryptocards.eu/it/,0,102,0%,70.8
https://topcryptocards.eu/en/blog/best-crypto-card-bitcoin-cashback-2026/,0,95,0%,66.79
https://topcryptocards.eu/en/cards/fiat24-debit,0,93,0%,27.25
https://topcryptocards.eu/compare,0,93,0%,61.67
https://topcryptocards.eu/en/cards/bybit-card,0,92,0%,45.79
https://topcryptocards.eu/fr/avis/binance-card/,0,90,0%,36.78
https://topcryptocards.eu/en/cards/deblock-card,0,88,0%,14.35
https://topcryptocards.eu/it,0,80,0%,60.41
https://topcryptocards.eu/en/brands/kraken,0,79,0%,20.91
https://topcryptocards.eu/en/virtual-crypto-card,0,75,0%,74.33
https://topcryptocards.eu/es/opiniones,0,75,0%,77.76
https://topcryptocards.eu/en/brands/,0,74,0%,39.05
https://topcryptocards.eu/en/reviews/trade-republic-card/,0,73,0%,18.92
https://topcryptocards.eu/en/brands/binance,0,71,0%,31.79
https://topcryptocards.eu/en/virtual-crypto-card/,0,71,0%,69.07
https://topcryptocards.eu/en/brands/crypto-com/,0,68,0%,33.72
https://topcryptocards.eu/es/tarjetas/kraken-krak-card,0,67,0%,14.39
https://topcryptocards.eu/fr/cartes/binance-standard/,0,61,0%,32.72
https://topcryptocards.eu/en/brands/plutus,0,61,0%,33.21
https://topcryptocards.eu/en/cards/crypto-com-midnight-blue,0,60,0%,18.1
https://topcryptocards.eu/it/migliore-carta-cripto/,0,60,0%,77.88
https://topcryptocards.eu/en/cards/uphold-card,0,57,0%,39.04
https://topcryptocards.eu/de/krypto-karte-ohne-jahresgebuehr/,0,57,0%,40.46
https://topcryptocards.eu/en/cards/crypto-com-royal-indigo,0,54,0%,15.78
https://topcryptocards.eu/it/carta-cripto-senza-commissioni/,0,53,0%,38.49
https://topcryptocards.eu/en/cards/gnosis-pay-card,0,53,0%,40.04
https://topcryptocards.eu/de/krypto-karte-reise,0,52,0%,29.02
https://topcryptocards.eu/it/carte/brighty-card,0,51,0%,7.69
https://topcryptocards.eu/de/karten/coinbase-card,0,50,0%,56.58
https://topcryptocards.eu/it/calcolatore-cashback-carta-crypto/,0,48,0%,84.04
https://topcryptocards.eu/de/krypto-karte-tools,0,48,0%,86.62
https://topcryptocards.eu/fr/carte-crypto-cashback,0,47,0%,25.28
https://topcryptocards.eu/en/cards/bybit-card/,0,47,0%,34.91
https://topcryptocards.eu/en/brands/plutus/,0,47,0%,47.26
https://topcryptocards.eu/es/marcas,0,47,0%,67.94
https://topcryptocards.eu/es/tarjeta-crypto-sin-kyc/,0,46,0%,31.3
https://topcryptocards.eu/en/brands/coinbase,0,45,0%,40.89
https://topcryptocards.eu/de/krypto-karte-cashback/,0,45,0%,53.31
https://topcryptocards.eu/en/cards/trustee-plus-card,0,45,0%,59.04
https://topcryptocards.eu/it/carta-cripto-premi/,0,45,0%,75.91
https://topcryptocards.eu/es/tarjeta-cripto-viaje/,0,44,0%,30.23
https://topcryptocards.eu/es/tarjetas/coinbase-card,0,41,0%,39.68
https://topcryptocards.eu/fr/meilleure-carte-crypto,0,41,0%,50.1
https://topcryptocards.eu/en/cards/crypto-com-jade-green,0,39,0%,23.03
https://topcryptocards.eu/en/reviews/kraken-card/,0,38,0%,10.68
https://topcryptocards.eu/en/cards/kraken-krak-card,0,37,0%,11.73
https://topcryptocards.eu/en/cards/crypto-com-ruby-steel,0,37,0%,31.78
https://topcryptocards.eu/it/carta-cripto-viaggio,0,36,0%,36.75
https://topcryptocards.eu/fr/carte-crypto-sans-frais,0,36,0%,64.06
https://topcryptocards.eu/fr/cartes/plutus-card,0,34,0%,32.5
https://topcryptocards.eu/de,0,34,0%,56.21
https://topcryptocards.eu/en/cards/kucard/,0,33,0%,18.79
https://topcryptocards.eu/en/cards/kast-card,0,33,0%,29.76
https://topcryptocards.eu/es/tarjeta-bitcoin,0,33,0%,77.48
https://topcryptocards.eu/fr/cartes/kraken-krak-card,0,32,0%,9.91
https://topcryptocards.eu/es/tarjeta-crypto-austria/,0,32,0%,14.22
https://topcryptocards.eu/fr/cartes/binance-standard,0,32,0%,35.34
https://topcryptocards.eu/en/crypto-card-fees,0,31,0%,25.1
https://topcryptocards.eu/fr/marques/binance,0,31,0%,31.29
https://topcryptocards.eu/fr/carte-crypto-sans-frais/,0,31,0%,31.81
https://topcryptocards.eu/en/cards/bitrefill-card,0,30,0%,12
https://topcryptocards.eu/en/cards/coinbase-card,0,30,0%,40.77
https://topcryptocards.eu/en/cards/nexo-card,0,30,0%,55.27
https://topcryptocards.eu/de/krypto-karte-praemien/,0,30,0%,84.4
https://topcryptocards.eu/en/crypto-card-no-staking,0,29,0%,8.55
https://topcryptocards.eu/fr/cartes/brighty-card,0,29,0%,39.79
https://topcryptocards.eu/en/reviews/whitebit-card,0,29,0%,64.52
https://topcryptocards.eu/it/carte/gnosis-pay-card,0,28,0%,12.64
https://topcryptocards.eu/it/carte/kraken-krak-card,0,28,0%,13.5
https://topcryptocards.eu/en/cards/crypto-com-frosted-rose,0,28,0%,37.5
https://topcryptocards.eu/it/carta-cripto-cashback,0,28,0%,70.68
https://topcryptocards.eu/de/krypto-karte-tools/,0,28,0%,86.29
https://topcryptocards.eu/en/cards/okx-card/,0,27,0%,18.67
https://topcryptocards.eu/fr/avis/brighty-card,0,27,0%,41.26
https://topcryptocards.eu/en/cards/binance-standard/,0,27,0%,44.59
https://topcryptocards.eu/de/marken,0,26,0%,34.62
https://topcryptocards.eu/de/beste-krypto-karte/,0,26,0%,76.85
https://topcryptocards.eu/de/marken/kraken,0,25,0%,18
https://topcryptocards.eu/es/tarjeta-cripto-recompensas,0,25,0%,72.56
https://topcryptocards.eu/en/reviews/plutus-card,0,24,0%,29.42
https://topcryptocards.eu/de/krypto-karte-ohne-staking/,0,24,0%,33.17
https://topcryptocards.eu/it/carta-cripto-viaggio/,0,24,0%,35.96
https://topcryptocards.eu/es/tarjeta-cripto-cashback,0,24,0%,51.71
https://topcryptocards.eu/fr/meilleure-carte-crypto/,0,23,0%,48.22
https://topcryptocards.eu/it/blog/investire-in-crypto-con-carta-di-debito-guida-pratica-2026/,0,23,0%,71.78
https://topcryptocards.eu/en/cards/thorwallet-card/,0,22,0%,9.77
https://topcryptocards.eu/de/krypto-karte-reise/,0,22,0%,22.64
https://topcryptocards.eu/de/karten/okx-card,0,21,0%,52.43
https://topcryptocards.eu/de/krypto-karte-oesterreich/,0,20,0%,13.65
https://topcryptocards.eu/en/cards/uphold-card/,0,20,0%,37
https://topcryptocards.eu/en/brands/okx/,0,19,0%,10.11
https://topcryptocards.eu/en/cards/wirex-standard,0,19,0%,11.84
https://topcryptocards.eu/it/carte/crypto-com-midnight-blue,0,19,0%,17.32
https://topcryptocards.eu/en/reviews/bit2me-card,0,19,0%,31.21
https://topcryptocards.eu/be/recommandation/,0,19,0%,83.68
https://topcryptocards.eu/fr/cartes/coinbase-card,0,18,0%,18.94
https://topcryptocards.eu/en/reviews/revolut-card,0,18,0%,23.72
https://topcryptocards.eu/en/brands/nexo/,0,18,0%,31.06
https://topcryptocards.eu/en/brands/okx,0,18,0%,37.89
https://topcryptocards.eu/en/cards/bitpanda-card,0,18,0%,38.72
https://topcryptocards.eu/en/brands/revolut,0,18,0%,43.61
https://topcryptocards.eu/de/virtuelle-krypto-karte/,0,18,0%,45.67
https://topcryptocards.eu/en/brands/gnosis,0,18,0%,46.78
https://topcryptocards.eu/it/marche,0,18,0%,63.56
https://topcryptocards.eu/en/cards/coin98-fusion-card,0,17,0%,10.59
https://topcryptocards.eu/en/reviews/binance-card,0,17,0%,35.06
https://topcryptocards.eu/es/opiniones/bitpanda-card,0,17,0%,42.41
https://topcryptocards.eu/es/marcas/trade-republic,0,17,0%,50.53
https://topcryptocards.eu/en/cards/thorwallet-card,0,16,0%,14.81
https://topcryptocards.eu/de/karten/kraken-krak-card,0,16,0%,27.19
https://topcryptocards.eu/en/cards/blackcatcard,0,16,0%,35.69
https://topcryptocards.eu/en/crypto-card-belgium,0,16,0%,36.25
https://topcryptocards.eu/es/marcas/bybit,0,16,0%,37.25
https://topcryptocards.eu/fr/avis/binance-card,0,16,0%,48.31
https://topcryptocards.eu/en/avis,0,16,0%,67.25
https://topcryptocards.eu/at/bewertungen/crypto-com-card,0,16,0%,77.81
https://topcryptocards.eu/en/cards/nexo-card/,0,15,0%,46.2
https://topcryptocards.eu/es/tarjeta-crypto-virtual/,0,15,0%,55.33
https://topcryptocards.eu/es/tarjeta-crypto-austria,0,14,0%,9.07
https://topcryptocards.eu/fr/cartes/kraken-krak-card/,0,14,0%,9.71
https://topcryptocards.eu/en/brands/nexo,0,14,0%,28.5
https://topcryptocards.eu/en/brands/wirex,0,14,0%,62
https://topcryptocards.eu/it/calcolatore-cashback-carta-crypto,0,14,0%,72.5
https://topcryptocards.eu/en/favorites,0,14,0%,84.71
https://topcryptocards.eu/en/brands/trade-republic/,0,13,0%,24.31
https://topcryptocards.eu/es/marcas/kraken,0,13,0%,30.92
https://topcryptocards.eu/fr/avis/bit2me-card,0,13,0%,38.38
https://topcryptocards.eu/es/opiniones/bit2me-card,0,13,0%,66.08
https://topcryptocards.eu/es/tarjeta-crypto-belgica/,0,12,0%,7.67
https://topcryptocards.eu/en/cryptos/eth,0,12,0%,8.25
https://topcryptocards.eu/en/cards/xplace-card/,0,12,0%,13.17
https://topcryptocards.eu/en/physical-crypto-card,0,12,0%,13.83
https://topcryptocards.eu/en/cards/fiat24-debit/,0,12,0%,14.92
https://topcryptocards.eu/en/cards/pexx-card,0,12,0%,15.42
https://topcryptocards.eu/es/cryptos,0,12,0%,30
https://topcryptocards.eu/fr/carte-crypto-france,0,12,0%,32.75
https://topcryptocards.eu/en/reviews/plutus-card/,0,12,0%,41.67
https://topcryptocards.eu/it/carte/wirex-standard,0,12,0%,52.08
https://topcryptocards.eu/es/tarjeta-crypto-con-iban/,0,12,0%,64.17
https://topcryptocards.eu/en/cards/bitrefill-card/,0,11,0%,15.55
https://topcryptocards.eu/fr/cartes/nexo-card,0,11,0%,19.82
https://topcryptocards.eu/en/cards/crypto-com-ruby-steel/,0,11,0%,23.18
https://topcryptocards.eu/en/reviews/kucard,0,11,0%,28.09
https://topcryptocards.eu/en/brands/bybit/,0,11,0%,34
https://topcryptocards.eu/de/krypto-karte-ohne-kyc,0,11,0%,37.45
https://topcryptocards.eu/en/brands/binance/,0,11,0%,41.73
https://topcryptocards.eu/de/krypto-karte-ohne-jahresgebuehr,0,11,0%,55.64
https://topcryptocards.eu/es/tarjeta-crypto-credito,0,11,0%,58.45
https://topcryptocards.eu/at?q=%7Bsearch_term_string%7D,0,11,0%,69.82
https://topcryptocards.eu/en/reviews/whitebit-card/,0,11,0%,70
https://topcryptocards.eu/en/cards/tria-card,0,10,0%,7.1
https://topcryptocards.eu/en/cards/exa-card,0,10,0%,13.1
https://topcryptocards.eu/en/brands/deblock/,0,10,0%,13.3
https://topcryptocards.eu/en/reviews/kraken-card,0,10,0%,15.3
https://topcryptocards.eu/it/carte/crypto-com-ruby-steel,0,10,0%,15.7
https://topcryptocards.eu/en/cards/crypto-com-midnight-blue/,0,10,0%,16.9
https://topcryptocards.eu/en/brands/kraken/,0,10,0%,25.1
https://topcryptocards.eu/en/cards/cypher-card,0,10,0%,26
https://topcryptocards.eu/de/karten/metamask-card,0,10,0%,31.1
https://topcryptocards.eu/en/cards/cypher-card/,0,10,0%,39.7
https://topcryptocards.eu/es/tarjetas/gnosis-pay-card,0,10,0%,41
https://topcryptocards.eu/en/brands/crypto-com,0,10,0%,41.8
https://topcryptocards.eu/it/carte/bybit-card,0,10,0%,41.9
https://topcryptocards.eu/de/karten/bybit-card,0,10,0%,44.2
https://topcryptocards.eu/es/marcas/coinbase,0,10,0%,44.7
https://topcryptocards.eu/at/bewertungen/binance-card,0,10,0%,54.4
https://topcryptocards.eu/en/cards/rizon-visa-card,0,10,0%,57.6
https://topcryptocards.eu/at/empfehlung,0,10,0%,80.1
https://topcryptocards.eu/at/karten/bitrefill-card,0,9,0%,7.56
https://topcryptocards.eu/fr/cartes/bitrefill-card,0,9,0%,14.67
https://topcryptocards.eu/fr/carte-crypto-avec-iban,0,9,0%,20.67
https://topcryptocards.eu/en/crypto-card-no-staking/,0,9,0%,22
https://topcryptocards.eu/fr/carte-crypto-autriche,0,9,0%,24.44
https://topcryptocards.eu/es/marcas/revolut,0,9,0%,30.33
https://topcryptocards.eu/en/crypto-card-with-iban,0,9,0%,31.11
https://topcryptocards.eu/en/brands/revolut/,0,9,0%,32.11
https://topcryptocards.eu/at/karten/binance-standard/,0,9,0%,32.44
https://topcryptocards.eu/be/avis/kraken-card,0,9,0%,39.89
https://topcryptocards.eu/be/avis/plutus-card,0,9,0%,46.56
https://topcryptocards.eu/en/cards/metamask-card/,0,9,0%,52.67
https://topcryptocards.eu/de/marken/,0,9,0%,75.11
https://topcryptocards.eu/de/physische-krypto-karte,0,9,0%,90.89
https://topcryptocards.eu/en/crypto-card-austria,0,8,0%,6.88
https://topcryptocards.eu/de/krypto-karte-belgien/,0,8,0%,7.88
https://topcryptocards.eu/en/avis/okx-card,0,8,0%,8.5
https://topcryptocards.eu/es/tarjeta-cripto-sin-staking,0,8,0%,9.5
https://topcryptocards.eu/fr/marques/kraken,0,8,0%,17.75
https://topcryptocards.eu/fr,0,8,0%,27.88
https://topcryptocards.eu/en/cards/gnosis-pay-card/,0,8,0%,28.62
https://topcryptocards.eu/de/bewertungen/bitget-card,0,8,0%,36.62
https://topcryptocards.eu/de/karten/cardano-card,0,8,0%,42.62
https://topcryptocards.eu/be/cartes/coinbase-card,0,8,0%,49.62
https://topcryptocards.eu/es/marcas/binance,0,8,0%,53.38
https://topcryptocards.eu/it/carte/wirex-elite,0,8,0%,55
https://topcryptocards.eu/de/marken/bitpanda,0,8,0%,55.25
https://topcryptocards.eu/de/bewertungen/binance-card,0,8,0%,55.88
https://topcryptocards.eu/en/cards/trade-republic-card,0,8,0%,56.62
https://topcryptocards.eu/es/blog/que-es-una-tarjeta-criptografica-guia-completa-para,0,8,0%,64.62
https://topcryptocards.eu/de/physische-krypto-karte/,0,8,0%,81.75
https://topcryptocards.eu/en/legal-notice,0,8,0%,85.12
https://topcryptocards.eu/at/empfehlung/,0,8,0%,97.38
https://topcryptocards.eu/at/krypto-karte-reise/,0,7,0%,8.14
https://topcryptocards.eu/de/blog/mit-krypto-im-ausland-bezahlen-praktischer-leitfaden,0,7,0%,8.29
https://topcryptocards.eu/be/avis/okx-card/,0,7,0%,12.43
https://topcryptocards.eu/en/cards/bitpanda-card/,0,7,0%,15.43
https://topcryptocards.eu/es/tarjetas/crypto-com-ruby-steel,0,7,0%,16.29
https://topcryptocards.eu/en/cards/brighty-card,0,7,0%,17.57
https://topcryptocards.eu/it/recensioni/bit2me-card,0,7,0%,18.57
https://topcryptocards.eu/en/brands/deblock,0,7,0%,20.14
https://topcryptocards.eu/fr/cartes/bybit-card,0,7,0%,20.57
https://topcryptocards.eu/es/opiniones/bleap-card,0,7,0%,20.71
https://topcryptocards.eu/es/blog/tarjeta-binance-vs-cryptocom-el-duelo-de-los-gigantes-en,0,7,0%,21.29
https://topcryptocards.eu/en/reviews/bitget-card,0,7,0%,22.71
https://topcryptocards.eu/fr/marques/binance/,0,7,0%,24.86
https://topcryptocards.eu/de/krypto-karte-mit-iban/,0,7,0%,26.86
https://topcryptocards.eu/en/cards/pay3-card/,0,7,0%,29
https://topcryptocards.eu/at/bewertungen/kraken-card,0,7,0%,35.14
https://topcryptocards.eu/en/avis/bybit-card,0,7,0%,35.14
https://topcryptocards.eu/en/cards/metamask-card,0,7,0%,41
https://topcryptocards.eu/es/marcas/coinbase/,0,7,0%,41.57
https://topcryptocards.eu/es/blog/que-es-una-tarjeta-criptografica-guia-completa-para/,0,7,0%,50.57
https://topcryptocards.eu/es/tarjetas/trade-republic-card,0,7,0%,50.57
https://topcryptocards.eu/it/carte/deblock-card,0,7,0%,52.57
https://topcryptocards.eu/fr/carte-crypto-sans-kyc,0,7,0%,68.71
https://topcryptocards.eu/en/brands/bybit,0,7,0%,77.86
https://topcryptocards.eu/de/krypto-karte-praemien,0,7,0%,82
https://topcryptocards.eu/es/tarjeta-crypto-virtual,0,7,0%,85
https://topcryptocards.eu/be/carte-crypto-voyage/,0,6,0%,4
https://topcryptocards.eu/en/beginner-crypto-cards,0,6,0%,5.83
https://topcryptocards.eu/fr/marques,0,6,0%,6.5
https://topcryptocards.eu/en/cards/solid-card/,0,6,0%,6.83
https://topcryptocards.eu/en/cards/wirex-elite/,0,6,0%,8.5
https://topcryptocards.eu/de/krypto-karte-mit-iban,0,6,0%,11.67
https://topcryptocards.eu/es/tarjetas/deblock-card,0,6,0%,24
https://topcryptocards.eu/en/reviews/bit2me-card/,0,6,0%,35.33
https://topcryptocards.eu/en/cards/revolut-metal,0,6,0%,40.33
https://topcryptocards.eu/it/carte/crypto-com-jade-green,0,6,0%,46.67
https://topcryptocards.eu/en/cryptos/,0,6,0%,66.5
https://topcryptocards.eu/fr/carte-crypto-recompenses/,0,6,0%,67
https://topcryptocards.eu/es/marcas/,0,6,0%,86.5
https://topcryptocards.eu/en/contact,0,5,0%,2.4
https://topcryptocards.eu/en/crypto-credit-card,0,5,0%,2.8
https://topcryptocards.eu/fr/cryptos/btc,0,5,0%,3.8
https://topcryptocards.eu/it/carta-crypto-austria,0,5,0%,4
https://topcryptocards.eu/en/compare/bybit-card-vs-okx-card,0,5,0%,5.4
https://topcryptocards.eu/en/cryptos/usdt/,0,5,0%,8.8
https://topcryptocards.eu/fr/blog/comparatif-bitpanda-card-vs-okx-card-2026,0,5,0%,9.8
https://topcryptocards.eu/es/tarjetas/nexo-card,0,5,0%,10
https://topcryptocards.eu/it/carte/okx-card/,0,5,0%,10
https://topcryptocards.eu/it/carta-crypto-belgio/,0,5,0%,15.6
https://topcryptocards.eu/en/bitcoin-card,0,5,0%,21.4
https://topcryptocards.eu/fr/avis/bitpanda-card,0,5,0%,25.8
https://topcryptocards.eu/en/blog/best-crypto-cards-2026,0,5,0%,28.2
https://topcryptocards.eu/de/karten/plutus-card,0,5,0%,29.2
https://topcryptocards.eu/fr/marques/,0,5,0%,39.4
https://topcryptocards.eu/it/carte/nexo-card,0,5,0%,46.6
https://topcryptocards.eu/de/marken/trade-republic/,0,5,0%,51
https://topcryptocards.eu/de/marken/crypto-com/,0,5,0%,57.8
https://topcryptocards.eu/it/carte/plutus-card,0,5,0%,71.6
https://topcryptocards.eu/at/karten/cardano-card/,0,5,0%,81
https://topcryptocards.eu/at/bewertungen/trade-republic-card,0,5,0%,95.6
https://topcryptocards.eu/it/tariffe-carte-crypto,0,4,0%,2.25
https://topcryptocards.eu/en/best-crypto-card-2026,0,4,0%,3.5
https://topcryptocards.eu/it/carta-cripto-senza-commissioni,0,4,0%,7.5
https://topcryptocards.eu/en/cards/onboard-flex-card,0,4,0%,8.5
https://topcryptocards.eu/fr/carte-crypto-debutant,0,4,0%,8.75
https://topcryptocards.eu/en/cards/crypto-com-royal-indigo/,0,4,0%,9
https://topcryptocards.eu/de/bewertungen/brighty-card,0,4,0%,10
https://topcryptocards.eu/fr/cartes/deblock-card,0,4,0%,10.25
https://topcryptocards.eu/fr/carte-crypto-recompenses,0,4,0%,12.75
https://topcryptocards.eu/en/reviews/bitget-card/,0,4,0%,13.25
https://topcryptocards.eu/en/compare/gnosis-pay-card-vs-metamask-card,0,4,0%,13.5
https://topcryptocards.eu/fr/marques/revolut,0,4,0%,15.5
https://topcryptocards.eu/de/marken/ledger,0,4,0%,15.75
https://topcryptocards.eu/es/opiniones/kraken-card/,0,4,0%,17
https://topcryptocards.eu/at/marken,0,4,0%,19.5
https://topcryptocards.eu/en/cards/deblock-card/,0,4,0%,24.25
https://topcryptocards.eu/en/blog/brighty-card-review-2026/,0,4,0%,26
https://topcryptocards.eu/en/reviews/bitpanda-card/,0,4,0%,26.25
https://topcryptocards.eu/fr/avis/bitget-card,0,4,0%,26.75
https://topcryptocards.eu/en/recommendation,0,4,0%,32
https://topcryptocards.eu/fr/marques/ledger/,0,4,0%,33.5
https://topcryptocards.eu/es/tarjetas/wirex-elite,0,4,0%,40.25
https://topcryptocards.eu/be/avis/wirex-card,0,4,0%,42
https://topcryptocards.eu/fr/marques/trade-republic,0,4,0%,45.75
https://topcryptocards.eu/de/marken/revolut/,0,4,0%,48
https://topcryptocards.eu/be/avis/gnosis-pay-card,0,4,0%,50.25
https://topcryptocards.eu/de/bewertungen/whitebit-card/,0,4,0%,51.25
https://topcryptocards.eu/en/reviews/bybit-card/,0,4,0%,52.5
https://topcryptocards.eu/fr/avis,0,4,0%,53
https://topcryptocards.eu/es/tarjetas/binance-standard,0,4,0%,61.5
https://topcryptocards.eu/es/opiniones/bit2me-card/,0,4,0%,65.75
https://topcryptocards.eu/at/krypto-karte-praemien/,0,4,0%,70.75
https://topcryptocards.eu/at/krypto-karte-praemien,0,4,0%,75
https://topcryptocards.eu/en/blog/virtual-crypto-card-complete-guide,0,4,0%,80
https://topcryptocards.eu/fr/simulateur,0,4,0%,82
https://topcryptocards.eu/it/recensioni/bitpanda-card,0,4,0%,82.5
https://topcryptocards.eu/fr/carte-crypto-sans-staking,0,4,0%,85.5
https://topcryptocards.eu/be/carte-bitcoin,0,3,0%,3.67
https://topcryptocards.eu/de/bitcoin-karte,0,3,0%,4
https://topcryptocards.eu/fr/cartes/crypto-com-jade-green,0,3,0%,4.67
https://topcryptocards.eu/be/carte-crypto-voyage,0,3,0%,5.33
https://topcryptocards.eu/be/marques/,0,3,0%,5.33
https://topcryptocards.eu/de/krypto-karte-ohne-staking,0,3,0%,5.33
https://topcryptocards.eu/it/carta-crypto-credito,0,3,0%,6
https://topcryptocards.eu/es/tarjetas/kucard,0,3,0%,6.33
https://topcryptocards.eu/de/krypto-karte-oesterreich,0,3,0%,6.67
https://topcryptocards.eu/it/carte/binance-standard,0,3,0%,7
https://topcryptocards.eu/de/avis,0,3,0%,7.67
https://topcryptocards.eu/at/karten/bitrefill-card/,0,3,0%,8
https://topcryptocards.eu/fr/carte-crypto-voyage,0,3,0%,8
https://topcryptocards.eu/it/marche/okx,0,3,0%,8.33
https://topcryptocards.eu/be/carte-crypto-sans-frais/,0,3,0%,9.33
https://topcryptocards.eu/es/tarjetas/okx-card/,0,3,0%,10.67
https://topcryptocards.eu/at/karten/deblock-card,0,3,0%,11
https://topcryptocards.eu/en/compare/crypto-com-midnight-blue-vs-revolut-metal,0,3,0%,11
https://topcryptocards.eu/de/bewertungen/bleap-card/,0,3,0%,11.33
https://topcryptocards.eu/es/tarjetas/pay3-card,0,3,0%,11.33
https://topcryptocards.eu/fr/marques/okx/,0,3,0%,12.67
https://topcryptocards.eu/fr/cartes/bitget-card,0,3,0%,14
https://topcryptocards.eu/fr/cartes/crypto-com-royal-indigo,0,3,0%,16.67
https://topcryptocards.eu/de/marken/kraken/,0,3,0%,17.33
https://topcryptocards.eu/en/compare/metamask-card-vs-crypto-com-midnight-blue,0,3,0%,18.67
https://topcryptocards.eu/fr/cartes/avalanche-card/,0,3,0%,18.67
https://topcryptocards.eu/de/karten/crypto-com-royal-indigo,0,3,0%,21
https://topcryptocards.eu/fr/marques/kraken/,0,3,0%,21.33
https://topcryptocards.eu/en/simulator,0,3,0%,24
https://topcryptocards.eu/en/blog/metamask-card-review-2026,0,3,0%,25
https://topcryptocards.eu/en/cards/quicko-digital-card,0,3,0%,25.33
https://topcryptocards.eu/en/reviews/young-platform-card,0,3,0%,26
https://topcryptocards.eu/de/bewertungen/,0,3,0%,27.33
https://topcryptocards.eu/en/reviews/bitpanda-card,0,3,0%,30.33
https://topcryptocards.eu/es/opiniones/brighty-card,0,3,0%,31.67
https://topcryptocards.eu/at/krypto-karte-reise,0,3,0%,33
https://topcryptocards.eu/en/cards/pay3-card,0,3,0%,33
https://topcryptocards.eu/it/carta-bitcoin,0,3,0%,34.67
https://topcryptocards.eu/fr/marques/coinbase/,0,3,0%,36
https://topcryptocards.eu/fr/marques/plutus/,0,3,0%,36
https://topcryptocards.eu/at/karten/revolut-metal,0,3,0%,36.67
https://topcryptocards.eu/at/karten/binance-standard,0,3,0%,38.67
https://topcryptocards.eu/it/carte/metamask-card,0,3,0%,39.33
https://topcryptocards.eu/es/tarjetas/bybit-card,0,3,0%,40
https://topcryptocards.eu/en/cards/tap-card,0,3,0%,42
https://topcryptocards.eu/en/brands/ledger,0,3,0%,42.67
https://topcryptocards.eu/en/reviews/ledger-card,0,3,0%,43.67
https://topcryptocards.eu/en/cards/wallbit-card,0,3,0%,45
https://topcryptocards.eu/it/carte/okx-card,0,3,0%,45
https://topcryptocards.eu/en/cards/solcard,0,3,0%,45.33
https://topcryptocards.eu/be/cartes/blackcatcard,0,3,0%,46.33
https://topcryptocards.eu/es/opiniones/bitget-card,0,3,0%,49
https://topcryptocards.eu/at/karten/okx-card,0,3,0%,49.33
https://topcryptocards.eu/fr/avis/plutus-card/,0,3,0%,50.67
https://topcryptocards.eu/de/marken/trade-republic,0,3,0%,51
https://topcryptocards.eu/de/bewertungen/bitpanda-card,0,3,0%,52.33
https://topcryptocards.eu/it/carta-cripto-premi,0,3,0%,57.33
https://topcryptocards.eu/pt/marcas/binance,0,3,0%,59.33
https://topcryptocards.eu/it/carte/bitpanda-card,0,3,0%,60.33
https://topcryptocards.eu/fr/marques/deblock/,0,3,0%,60.67
https://topcryptocards.eu/de/bewertungen/coinbase-card/,0,3,0%,61.67
https://topcryptocards.eu/at/beste-krypto-karte/,0,3,0%,64.67
https://topcryptocards.eu/de/bewertungen,0,3,0%,66
https://topcryptocards.eu/en/brands/bitpanda,0,3,0%,66
https://topcryptocards.eu/at/krypto-karten-gebuehren,0,3,0%,73.33
https://topcryptocards.eu/de/karten/crypto-com-jade-green,0,3,0%,137
https://topcryptocards.eu/en/about,0,2,0%,1.5
https://topcryptocards.eu/de/karten/mexc-ether-fi-card,0,2,0%,2
https://topcryptocards.eu/de/virtuelle-krypto-karte,0,2,0%,2
https://topcryptocards.eu/pt/cartao-crypto-belgica,0,2,0%,3
https://topcryptocards.eu/es/tarjeta-cripto-2026,0,2,0%,3.5
https://topcryptocards.eu/it/blog/bitpanda-card-2026-recensione-cashback-condizioni-italia,0,2,0%,4
https://topcryptocards.eu/fr/blog/qu-est-ce-qu-une-carte-crypto-guide-debutant/,0,2,0%,5.5
https://topcryptocards.eu/be/avis/,0,2,0%,6
https://topcryptocards.eu/fr/cartes/kucard/,0,2,0%,6.5
https://topcryptocards.eu/pt/cartao-crypto-2026,0,2,0%,6.5
https://topcryptocards.eu/de/blog/betrugereien-mit-kryptokarten-leitfaden-zum-erkennen-und,0,2,0%,7
https://topcryptocards.eu/es/marcas/nexo,0,2,0%,7
https://topcryptocards.eu/it/marche/wirex,0,2,0%,7
https://topcryptocards.eu/en/cards/kem-infinity-card,0,2,0%,7.5
http://topcryptocards.eu/,0,2,0%,8
https://topcryptocards.eu/es/blog/opinion-metamask-card-2026,0,2,0%,8
https://topcryptocards.eu/en/brands/bleap,0,2,0%,8.5
https://topcryptocards.eu/es/tarjetas/nexo-card/,0,2,0%,8.5
https://topcryptocards.eu/at/karten/fiat24-debit/,0,2,0%,9
https://topcryptocards.eu/es/tarjetas/kraken-krak-card/,0,2,0%,9
https://topcryptocards.eu/fr/cartes/crypto-com-ruby-steel,0,2,0%,9
https://topcryptocards.eu/at/bewertungen/gnosis-pay-card,0,2,0%,10
https://topcryptocards.eu/de/krypto-karte-belgien,0,2,0%,10
https://topcryptocards.eu/es/tarjetas/gnosis-pay-card/,0,2,0%,10
https://topcryptocards.eu/it/carte/deblock-card/,0,2,0%,10
https://topcryptocards.eu/es/tarjetas/kucard/,0,2,0%,10.5
https://topcryptocards.eu/fr/carte-crypto-physique,0,2,0%,11
https://topcryptocards.eu/fr/cartes/revolut-metal,0,2,0%,11
https://topcryptocards.eu/de/karten/bitrefill-card/,0,2,0%,11.5
https://topcryptocards.eu/en/blog/bitpanda-card-2026-review-cashback-and-conditions/,0,2,0%,12
https://topcryptocards.eu/it/carte/crypto-com-midnight-blue/,0,2,0%,12
https://topcryptocards.eu/be/cartes/bitrefill-card,0,2,0%,15.5
https://topcryptocards.eu/it/carte/bitrefill-card/,0,2,0%,16.5
https://topcryptocards.eu/fr/cartes/metamask-card,0,2,0%,17
https://topcryptocards.eu/fr/cartes/gnosis-pay-card/,0,2,0%,17.5
https://topcryptocards.eu/fr/blog/bitpanda-card-avis,0,2,0%,18
https://topcryptocards.eu/be/avis/ether-fi-card,0,2,0%,19.5
https://topcryptocards.eu/en/blog/category/card,0,2,0%,19.5
https://topcryptocards.eu/en/reviews/bleap-card,0,2,0%,20
https://topcryptocards.eu/at/karten/kucard/,0,2,0%,20.5
https://topcryptocards.eu/at/karten/blackcatcard,0,2,0%,23.5
https://topcryptocards.eu/en/reviews/trade-republic-card,0,2,0%,26
https://topcryptocards.eu/es/marcas/bleap,0,2,0%,26
https://topcryptocards.eu/de/karten/brighty-card,0,2,0%,28.5
https://topcryptocards.eu/fr/marques/deblock,0,2,0%,30
https://topcryptocards.eu/fr/simulateur/,0,2,0%,30.5
https://topcryptocards.eu/it/carte/utorg-crypto-card/,0,2,0%,30.5
https://topcryptocards.eu/de/karten/binance-standard/,0,2,0%,32
https://topcryptocards.eu/fr/avis/,0,2,0%,32.5
https://topcryptocards.eu/fr/carte-crypto-virtuelle,0,2,0%,37
https://topcryptocards.eu/en/cards/kardpay-card,0,2,0%,37.5
https://topcryptocards.eu/en/cryptos/usdt,0,2,0%,38.5
https://topcryptocards.eu/it/recensioni/binance-card,0,2,0%,39
https://topcryptocards.eu/es/cryptos/,0,2,0%,41
https://topcryptocards.eu/fr/marques/ledger,0,2,0%,41.5
https://topcryptocards.eu/de/karten/deblock-card,0,2,0%,43
https://topcryptocards.eu/at/karten/bitpanda-card,0,2,0%,45.5
https://topcryptocards.eu/it/marche/,0,2,0%,45.5
https://topcryptocards.eu/es/tarjetas/binance-standard/,0,2,0%,48.5
https://topcryptocards.eu/de/bewertungen/binance-card/,0,2,0%,51.5
https://topcryptocards.eu/es/tarjetas/revolut-metal,0,2,0%,51.5
https://topcryptocards.eu/de/karten/binance-standard,0,2,0%,53
https://topcryptocards.eu/it/blog/,0,2,0%,53
https://topcryptocards.eu/it/carte/crypto-com-frosted-rose,0,2,0%,53.5
https://topcryptocards.eu/en/cards/nebeus-card,0,2,0%,55.5
https://topcryptocards.eu/es/tarjetas/wallbit-card,0,2,0%,58.5
https://topcryptocards.eu/es/marcas/wirex,0,2,0%,61
https://topcryptocards.eu/de/krypto-karte-cashback,0,2,0%,62
https://topcryptocards.eu/de/marken/crypto-com,0,2,0%,62.5
https://topcryptocards.eu/en/cards/ugly-visa-card,0,2,0%,63
https://topcryptocards.eu/es/blog/comparativa-de-cashback-que-tarjeta-cripto-gana-mas-en/,0,2,0%,66
https://topcryptocards.eu/at/krypto-karte-ohne-jahresgebuehr,0,2,0%,66.5
https://topcryptocards.eu/be/calculateur-frais-carte-crypto,0,2,0%,67
https://topcryptocards.eu/en/cryptos,0,2,0%,68.5
https://topcryptocards.eu/at/bewertungen/coinbase-card/,0,2,0%,71
https://topcryptocards.eu/en/revolut-alternatives,0,2,0%,75.5
https://topcryptocards.eu/es/blog/tarjeta-crypto-virtual-guia-completa,0,2,0%,78
https://topcryptocards.eu/at,0,2,0%,80.5
https://topcryptocards.eu/at/cryptos/eth,0,2,0%,93.5
https://topcryptocards.eu/de/bleap-alternativen,0,2,0%,95.5
https://topcryptocards.eu/de/empfehlung,0,2,0%,98.5
https://topcryptocards.eu/be/cartes/bybit-card,0,2,0%,138.5
https://topcryptocards.eu/be/cartes/okx-card/,0,1,0%,1
https://topcryptocards.eu/be/carte-crypto-autriche,0,1,0%,2
https://topcryptocards.eu/de/marken/gnosis,0,1,0%,2
https://topcryptocards.eu/en/cards/mexc-ether-fi-card,0,1,0%,2
https://topcryptocards.eu/fr/cartes/wirex-standard,0,1,0%,2
https://topcryptocards.eu/it/blog/tassazione-delle-carte-crypto-in-francia-dichiarare-il-proprio,0,1,0%,2
https://topcryptocards.eu/it/carta-crypto-belgio,0,1,0%,2
https://topcryptocards.eu/it/carte/utorg-crypto-card,0,1,0%,2
https://topcryptocards.eu/es/tarjetas-crypto-principiante,0,1,0%,3
https://topcryptocards.eu/it/marche/plutus,0,1,0%,3
https://topcryptocards.eu/at/gnosis-pay-alternativen,0,1,0%,4
https://topcryptocards.eu/at/karten/wallbit-card/,0,1,0%,4
https://topcryptocards.eu/be/marques,0,1,0%,4
https://topcryptocards.eu/de/blog/beste-krypto-karte-mit-bitcoin-cashback-2026,0,1,0%,4
https://topcryptocards.eu/fr/frais-cartes-crypto,0,1,0%,4
https://topcryptocards.eu/de/blog/binance-karte-2026-europa-eingestellt-alternativen,0,1,0%,5
https://topcryptocards.eu/de/karten/crypto-com-midnight-blue,0,1,0%,5
https://topcryptocards.eu/en/cards/1inch-card,0,1,0%,5
https://topcryptocards.eu/fr/cartes/crypto-com-midnight-blue,0,1,0%,5
https://topcryptocards.eu/simulator,0,1,0%,5
https://topcryptocards.eu/affiliate-disclosure,0,1,0%,6
https://topcryptocards.eu/de/karten/thorwallet-card/,0,1,0%,6
https://topcryptocards.eu/de/kontakt,0,1,0%,6
https://topcryptocards.eu/en/cards/bleap-crypto-card,0,1,0%,6
https://topcryptocards.eu/es/tarjetas/crypto-com-frosted-rose/,0,1,0%,6
https://topcryptocards.eu/fr/cartes/plutus-card/,0,1,0%,6
https://topcryptocards.eu/it/carte/crypto-com-ruby-steel/,0,1,0%,6
https://topcryptocards.eu/be/cartes/holyheld-card,0,1,0%,7
https://topcryptocards.eu/de/bewertungen/bleap-card,0,1,0%,7
https://topcryptocards.eu/en/blog/brighty-card-review-2026,0,1,0%,7
https://topcryptocards.eu/fr/cartes/mexc-ether-fi-card,0,1,0%,7
https://topcryptocards.eu/pt/cartao-crypto-recompensas,0,1,0%,7
https://topcryptocards.eu/at/bitcoin-karte,0,1,0%,8
https://topcryptocards.eu/en/cards/wirex-elite,0,1,0%,8
https://topcryptocards.eu/en/reviews/bleap-card/,0,1,0%,8
https://topcryptocards.eu/es/tarjeta-crypto-belgica,0,1,0%,8
https://topcryptocards.eu/es/tarjetas/crypto-com-midnight-blue,0,1,0%,8
https://topcryptocards.eu/fr/carte-crypto-belgique,0,1,0%,8
https://topcryptocards.eu/fr/marques/bleap/,0,1,0%,8
https://topcryptocards.eu/it/carte/plutus-card/,0,1,0%,8
https://topcryptocards.eu/be/cartes/chainscard,0,1,0%,9
https://topcryptocards.eu/be/cartes/kast-card/,0,1,0%,9
https://topcryptocards.eu/be/cartes/wallbit-card,0,1,0%,9
https://topcryptocards.eu/de/blog/krypto-per-debitkarte-investieren-praxisguide-2026,0,1,0%,9
https://topcryptocards.eu/de/cryptos/btc,0,1,0%,9
https://topcryptocards.eu/de/marken/okx,0,1,0%,9
https://topcryptocards.eu/en/cards/wirex-standard/,0,1,0%,9
https://topcryptocards.eu/fr/carte-crypto-sans-staking/,0,1,0%,9
https://topcryptocards.eu/it/confrontare/coinbase-card-vs-nexo-card/,0,1,0%,9
https://topcryptocards.eu/at/karten/brighty-card,0,1,0%,10
https://topcryptocards.eu/be/cartes/bitrefill-card/,0,1,0%,10
https://topcryptocards.eu/de/vergleichen/crypto-com-midnight-blue-vs-revolut-metal,0,1,0%,10
https://topcryptocards.eu/en/cards/onboard-flex-card/,0,1,0%,10
https://topcryptocards.eu/en/compare/bitpanda-card-vs-coinbase-card,0,1,0%,10
https://topcryptocards.eu/en/crypto-cards-europe,0,1,0%,10
https://topcryptocards.eu/en/cryptos/sol,0,1,0%,10
https://topcryptocards.eu/es/opiniones/,0,1,0%,10
https://topcryptocards.eu/es/opiniones/plutus-card/,0,1,0%,10
https://topcryptocards.eu/es/opiniones/revolut-card,0,1,0%,10
https://topcryptocards.eu/it/blog/carta-cripto-prelievo-contanti-2026,0,1,0%,10
https://topcryptocards.eu/it/marche/kraken,0,1,0%,10
https://topcryptocards.eu/it/recensioni/binance-card/,0,1,0%,10
https://topcryptocards.eu/privacy,0,1,0%,10
https://topcryptocards.eu/en/blog/best-crypto-cards-available-in-europe-2025,0,1,0%,11
https://topcryptocards.eu/it/marche/bleap/,0,1,0%,11
https://topcryptocards.eu/es/tarjeta-crypto-fisica,0,1,0%,12
https://topcryptocards.eu/de/marken/bitpanda/,0,1,0%,13
https://topcryptocards.eu/fr/avis/kucard,0,1,0%,16
https://topcryptocards.eu/be/avis/revolut-card,0,1,0%,17
https://topcryptocards.eu/fr/marques/bleap,0,1,0%,19
https://topcryptocards.eu/be/cartes/crypto-com-jade-green/,0,1,0%,21
https://topcryptocards.eu/datenschutz,0,1,0%,21
https://topcryptocards.eu/it/blog/carta-cripto-senza-kyc-guida,0,1,0%,21
https://topcryptocards.eu/es/opiniones/plutus-card,0,1,0%,23
https://topcryptocards.eu/de/bewertungen/bit2me-card,0,1,0%,24
https://topcryptocards.eu/fr/avis/gnosis-pay-card,0,1,0%,24
https://topcryptocards.eu/be/cartes/bleap-crypto-card,0,1,0%,25
https://topcryptocards.eu/en/blog/brighty-card-review-2026-up-to-4-percent-cashback-no-staking,0,1,0%,26
https://topcryptocards.eu/fr/cartes/trade-republic-card,0,1,0%,26
https://topcryptocards.eu/at/bewertungen/ledger-card,0,1,0%,28
https://topcryptocards.eu/en/reviews/kucard/,0,1,0%,29
https://topcryptocards.eu/be/avis/young-platform-card,0,1,0%,31
https://topcryptocards.eu/fr/cartes/okx-card/,0,1,0%,31
https://topcryptocards.eu/be/avis/ledger-card,0,1,0%,33
https://topcryptocards.eu/fr/cartes/crypto-com-frosted-rose,0,1,0%,33
https://topcryptocards.eu/fr/blog/comparatif-cashback-carte-crypto-laquelle-rapporte-le-plus-2025,0,1,0%,34
https://topcryptocards.eu/es/tarjetas/trustee-plus-card,0,1,0%,36
https://topcryptocards.eu/fr/avis/revolut-card/,0,1,0%,36
https://topcryptocards.eu/fr/marques/revolut/,0,1,0%,36
https://topcryptocards.eu/de/karten/plutus-card/,0,1,0%,37
https://topcryptocards.eu/be/avis/kucard,0,1,0%,38
https://topcryptocards.eu/fr/marques/nexo/,0,1,0%,39
https://topcryptocards.eu/at/karten/trade-republic-card,0,1,0%,40
https://topcryptocards.eu/de/bewertungen/wirex-card/,0,1,0%,40
https://topcryptocards.eu/at/vergleichen/plutus-card-vs-revolut-metal,0,1,0%,41
https://topcryptocards.eu/de/marken/bybit/,0,1,0%,43
https://topcryptocards.eu/en/reviews/coinbase-card,0,1,0%,43
https://topcryptocards.eu/fr/cartes/bybit-card/,0,1,0%,43
https://topcryptocards.eu/fr/cartes/coinbase-card/,0,1,0%,43
https://topcryptocards.eu/be/cartes/revolut-metal,0,1,0%,44
https://topcryptocards.eu/fr/marques/coinbase,0,1,0%,45
https://topcryptocards.eu/at/bewertungen/kucard,0,1,0%,46
https://topcryptocards.eu/de/bewertungen/deblock-card/,0,1,0%,47
https://topcryptocards.eu/es/tarjetas/crypto-com-frosted-rose,0,1,0%,47
https://topcryptocards.eu/fr/marques/bybit/,0,1,0%,47
https://topcryptocards.eu/es/blog/comparativa-de-cashback-que-tarjeta-cripto-gana-mas-en,0,1,0%,48
https://topcryptocards.eu/be/avis/okx-card,0,1,0%,50
https://topcryptocards.eu/de/marken/binance,0,1,0%,50
https://topcryptocards.eu/fr/cartes/mexc-ether-fi-card/,0,1,0%,50
https://topcryptocards.eu/es/tarjetas/crypto-com-midnight-blue/,0,1,0%,51
https://topcryptocards.eu/es/tarjetas/wirex-standard,0,1,0%,56
https://topcryptocards.eu/at/karten/crypto-com-royal-indigo,0,1,0%,57
https://topcryptocards.eu/it/recensioni/bitget-card,0,1,0%,58
https://topcryptocards.eu/de/cryptos/usdt,0,1,0%,61
https://topcryptocards.eu/at/karten/kraken-krak-card,0,1,0%,62
https://topcryptocards.eu/en/cards/exodus-spend-card,0,1,0%,62
https://topcryptocards.eu/es/blog/tarjeta-binance-europa-fin-alternativas,0,1,0%,62
https://topcryptocards.eu/de/bewertungen/bitpanda-card/,0,1,0%,67
https://topcryptocards.eu/de/marken/nexo,0,1,0%,67
https://topcryptocards.eu/at/karten/kraken-krak-card/,0,1,0%,68
https://topcryptocards.eu/at/karten/coinbase-card,0,1,0%,71
https://topcryptocards.eu/de/karten/trade-republic-card/,0,1,0%,71
https://topcryptocards.eu/en/cards/whitebit-nova,0,1,0%,74
https://topcryptocards.eu/be/blog/category/crypto,0,1,0%,76
https://topcryptocards.eu/en/blog/best-crypto-card-bitcoin-cashback-2026,0,1,0%,76
https://topcryptocards.eu/es/marcas/bitpanda,0,1,0%,77
https://topcryptocards.eu/at/?q=%7Bsearch_term_string%7D,0,1,0%,79
https://topcryptocards.eu/at/bewertungen/okx-card,0,1,0%,79
https://topcryptocards.eu/be/alternatives-revolut/,0,1,0%,81
https://topcryptocards.eu/de/marken/nexo/,0,1,0%,89
https://topcryptocards.eu/pt/marcas/trade-republic,0,1,0%,90
https://topcryptocards.eu/en/blog/secure-your-crypto-card-8-essential-best-practices,0,1,0%,91
https://topcryptocards.eu/de/empfehlung/,0,1,0%,93
https://topcryptocards.eu/de/krypto-karte-ohne-kyc/,0,1,0%,93
https://topcryptocards.eu/it/blog/migliori-carte-crypto-europa-2025/,0,1,0%,95
https://topcryptocards.eu/at/kraken-alternativen,0,1,0%,96
https://topcryptocards.eu/en/cards/laso-card,0,1,0%,96
https://topcryptocards.eu/de/nexo-alternativen,0,1,0%,97
https://topcryptocards.eu/it/blog/carte-crypto-guida-principiante,0,1,0%,99
https://topcryptocards.eu/be/avis,0,1,0%,100
https://topcryptocards.eu/en/compare/bybit-card-vs-revolut-metal,0,1,0%,100
https://topcryptocards.eu/de/cryptos/,0,1,0%,137