Top queries,Clicks,Impressions,CTR,Position
crypto card,1,314,0.32%,80.09
crypto card free,1,52,1.92%,61.65
cashback crypto cards,1,29,3.45%,55.97
bleap recensioni,1,2,50%,13.5
crypto visa mastercard,1,1,100%,9
"""coinbase"" ""⭐""",0,183,0%,94.37
"""bitnob"" -site:reddit.com -site:twitter.com -site:x.com -site:wykop.pl 
-site:tripadvisor.com -site:youtube.com -site:yelp.com -site:booking.com 
-site:facebook.com -site:instagram.com -site:tiktok.com",0,123,0%,2.87
crypto card for travel,0,98,0%,66.43
tarjeta bitcoin españa,0,97,0%,59.81
crypto cashback,0,74,0%,75.28
crypto cards,0,73,0%,80.59
tarjeta de criptomonedas españa,0,71,0%,61.8
crypto credit card,0,69,0%,80.68
best crypto card,0,68,0%,63.43
crypto card with cashback,0,67,0%,62.6
binance card,0,66,0%,53.38
"""coinbase"" ""📱""",0,63,0%,78.89
crypto card cashback,0,62,0%,61.71
cryptocard,0,62,0%,82.21
carte binance,0,59,0%,39.92
cryptocurrency card,0,56,0%,83.07
crypto card platform,0,55,0%,89.35
tevau vs bybit card,0,53,0%,71.26
crypto corporate cards,0,53,0%,87.66
tarjeta bitcoin gratis,0,51,0%,42.49
melhor cartao cripto,0,51,0%,75.27
cartão cripto com cashback,0,48,0%,64.04
free crypto visa card,0,48,0%,65.35
cashback coinbase,0,47,0%,47.4
bitcoin karte kostenlos,0,47,0%,71.7
cryptocurrency cards,0,45,0%,65.2
cards crypto,0,45,0%,71.73
krak,0,44,0%,17.39
meilleure carte crypto,0,44,0%,18.25
monavate ltd,0,43,0%,2.98
binance carte,0,43,0%,36.28
crypto travel,0,43,0%,39.3
crypto card worldwide,0,41,0%,78.68
crypto visa cards,0,40,0%,77.15
corporate travel crypto card,0,40,0%,88.08
"-site:facebook.com -site:fb.me -site:youtube.com -site:youtu.be 
-site:youtube.be -site:twitter.com -site:instagram.com -site:tiktok.com 
-site:vm.tiktok.com -site:t.co -site:x.com -site:reddit.com ""spritz finance""",0,39,0%,2.64
mejores tarjetas bitcoin,0,39,0%,46.64
plutus kreditkarte,0,38,0%,40.74
tarjeta criptomonedas españa,0,38,0%,52.63
free crypto debit card,0,38,0%,81.89
plutus card,0,36,0%,41.83
carte binance avis,0,36,0%,49.44
bitcoin card,0,36,0%,82.36
cartao crypto com cashback,0,35,0%,42.66
coinbase cashback,0,35,0%,43.91
brighty fornisce conto italiano,0,34,0%,7.09
gnosis pay,0,34,0%,42.47
tarjetas bitcoin gratis,0,34,0%,53.94
cartao cashback bitcoin,0,34,0%,58.53
tarjeta criptomonedas,0,34,0%,64.15
wallet sin kyc,0,33,0%,27.36
brighty trade avis,0,33,0%,34.03
crypto credit cards,0,33,0%,79.85
bitcoin cashback card,0,32,0%,65.44
crypto virtual card,0,32,0%,80.91
plutus avis,0,31,0%,23.23
cartões cripto,0,31,0%,74.84
coinbase card,0,30,0%,33.77
tarjetas criptomonedas,0,30,0%,60.17
cartão com cashback em bitcoin,0,30,0%,68.83
card crypto,0,30,0%,72.27
melhores cartoes cripto,0,30,0%,72.6
monavate,0,29,0%,6.28
cashback crypto,0,29,0%,50.07
carte criptovalute,0,29,0%,65.79
crypto plastic card,0,29,0%,85.93
kast card,0,28,0%,32.71
tarjeta criptomonedas gratis,0,28,0%,45.39
carte cripto,0,28,0%,62.68
melhor cartão criptomoedas,0,28,0%,77.46
cashback crypto card,0,27,0%,51.52
bybit card,0,27,0%,54.56
tarjetas de criptomonedas,0,27,0%,54.93
tarjetas cripto,0,27,0%,62.37
virtual crypto card,0,27,0%,77.19
tarjeta cripto,0,26,0%,60.35
crypto cashback card,0,26,0%,61.19
tarjeta debito bitcoin gratis,0,26,0%,65.85
tarjeta debito bitcoin españa,0,26,0%,78.12
crypto payment card,0,26,0%,84.81
crypto debit card worldwide,0,26,0%,86.23
krypto-kreditkarten vergleich,0,26,0%,90.31
corporate crypto credit card,0,26,0%,91.58
carta crypto,0,25,0%,66.6
cartoes bitcoin,0,25,0%,69.28
plutus,0,25,0%,70.4
krypto karta,0,25,0%,78.8
crypto corporate card,0,25,0%,87.96
kast crypto card programme issuer,0,24,0%,13.46
crypto visa card,0,24,0%,75.38
carte binance / carte crypto binance,0,23,0%,27.61
mejor tarjeta crypto,0,23,0%,38.22
las mejores tarjetas de criptomonedas,0,23,0%,44.91
crypto bank card,0,23,0%,80.04
crypto card for spending,0,23,0%,82.65
binance card levels,0,22,0%,47.14
cripto tarjetas,0,22,0%,59.32
nuova carta bitcoin,0,22,0%,64.27
krypto karty,0,22,0%,73
karty krypto,0,22,0%,81.64
tarjetas para criptomonedas,0,21,0%,50.33
tarjeta de criptomonedas,0,21,0%,59
beste krypto karte,0,21,0%,59.48
criptomonedas tarjetas,0,21,0%,63.9
mejores tarjetas para pagar con criptomonedas hoy,0,21,0%,73.1
carte crypto cashback,0,20,0%,21.1
carta cashback bitcoin,0,20,0%,60.2
carte per bitcoin,0,20,0%,63.7
cartões criptomoedas,0,20,0%,70.6
crypto bank cards,0,20,0%,81.1
crypto card uk,0,20,0%,81.15
crypto cashback cards,0,19,0%,57.47
krypto karte,0,19,0%,77.74
post voyager crypto,0,18,0%,14.94
crypto com midnight blue card,0,18,0%,22
tarjeta para criptomonedas,0,18,0%,54.61
crypto spending rewards,0,18,0%,59.78
crypto card loyalty program,0,18,0%,60.67
best crypto cards,0,18,0%,65.89
krypto karten,0,18,0%,70
mejor tarjeta débito bitcoin,0,18,0%,78.17
лучшая криптокарта,0,18,0%,80.89
najlepsze karty do kryptowalut,0,18,0%,82.5
tarjeta de cripto,0,17,0%,57.82
kryptokarte,0,17,0%,59.53
cartoes crypto,0,17,0%,62.06
best crypto card 2026,0,17,0%,69.24
bitcoin cards,0,17,0%,73.76
cryptocurrency bank card,0,17,0%,83.65
cartoes de criptomoedas,0,17,0%,86.24
kryptowaluty karty,0,17,0%,92.71
binance card cashback,0,16,0%,20.56
nexo card,0,16,0%,44.12
mejor tarjeta para criptomonedas,0,16,0%,51.75
coinbase kreditkarte,0,16,0%,58.19
cartão de cripto,0,16,0%,66.75
okx test,0,16,0%,67.94
best bitcoin bonus,0,16,0%,74.62
best crypto bank card,0,16,0%,82.69
best crypto payment card,0,16,0%,84.94
kryptokarten,0,15,0%,58.73
tarjeta criptomoneda,0,15,0%,63.53
crypto rewards card,0,15,0%,72.67
cartão criptomoedas,0,15,0%,72.8
melhor cartão bitcoin,0,15,0%,76
лучшие крипто карты,0,15,0%,80.07
лучшие криптокарты,0,15,0%,80.33
cartoes criptomoedas,0,15,0%,85.07
solid card,0,14,0%,7.64
fiat24,0,14,0%,34
tarjeta para gastar criptomonedas,0,14,0%,61.29
carta per bitcoin,0,14,0%,76.86
karta krypto,0,14,0%,77.71
bitcoin kártyák,0,14,0%,83.86
cryptokort,0,14,0%,88.14
crypto to fiat card,0,14,0%,92.64
bitrefill,0,13,0%,9.77
binance cashback card,0,13,0%,30.08
kraken card,0,13,0%,31.15
cripto carte,0,13,0%,54.31
crypto card zero fees,0,13,0%,67
oxk test,0,13,0%,71.31
whitebit card,0,13,0%,71.31
crypto card rewards program,0,13,0%,73.85
bitcoin visa card,0,13,0%,75.15
bitcoin najlepsza karta,0,13,0%,79.85
cartao criptomoedas,0,13,0%,80.92
crypto credit card uk,0,13,0%,81.92
decentralized crypto card,0,13,0%,85.92
карта крипто,0,13,0%,90.85
krak card,0,12,0%,21
mejores tarjetas cripto,0,12,0%,32
mejores tarjetas criptomonedas,0,12,0%,34.17
mejor tarjeta criptomonedas,0,12,0%,38.58
migliori carte crypto,0,12,0%,40.58
best crypto cards for travel,0,12,0%,42.75
bitpanda opiniones,0,12,0%,44.17
migliore carta crypto,0,12,0%,50.67
cartao cripto com cashback,0,12,0%,54.17
cripto tarjeta,0,12,0%,56.58
crypto card spend and earn,0,12,0%,57.67
cartao cripto,0,12,0%,60
crypto carte,0,12,0%,61.08
nova card whitebit,0,12,0%,61.08
cripto card,0,12,0%,62.42
whitebit nova,0,12,0%,64
cartoes cripto,0,12,0%,66.92
cartao crypto,0,12,0%,69.17
wirex alternative,0,12,0%,71.42
cryptocurrency visa card,0,12,0%,76.67
bitcoin karta,0,12,0%,79.25
mejor tarjeta debito bitcoin,0,12,0%,79.83
najpopularniejsze karty do kryptowalut,0,12,0%,81.42
gnosis card program,0,11,0%,22.91
guias cripto,0,11,0%,25.45
crypto cartao,0,11,0%,61.82
cartão cripto,0,11,0%,62.82
cripto cartão,0,11,0%,66.27
bitcoin kart,0,11,0%,69
crypto cash back,0,11,0%,73.55
kartu bitcoin,0,11,0%,73.91
cartão bitcoin,0,11,0%,75.73
crypto exchange cashback,0,11,0%,83.73
лучшая крипто карта,0,11,0%,85.09
krypto-kreditkarten,0,11,0%,98.64
bleap avis,0,10,0%,8.7
carte crypto gratuite,0,10,0%,11.8
okx card,0,10,0%,25.1
carte crypto france,0,10,0%,29.2
bitpanda card,0,10,0%,34.8
bybit cashback,0,10,0%,38.7
tarjeta crypto españa,0,10,0%,41.8
best crypto card cashback,0,10,0%,43.9
crypto carta,0,10,0%,46.3
tarjetas para bitcoin,0,10,0%,50.4
trade republic cashback,0,10,0%,51
crypto card earn crypto,0,10,0%,58.5
best crypto cards uk,0,10,0%,63.1
krypto cashback karte,0,10,0%,63.7
visa krypto karte,0,10,0%,66
carte bitcoin,0,10,0%,67.3
whitebit crypto card,0,10,0%,71.4
karte fuer kryptowährungen,0,10,0%,74.8
crypto card application,0,10,0%,75.2
uphold card,0,10,0%,75.8
best crypto visa card,0,10,0%,76.8
best crypto virtual card,0,10,0%,79.2
carta criptovalute,0,10,0%,82.7
cartao de criptomoedas,0,10,0%,84.1
crypto card for digital nomads,0,10,0%,90.4
krypto kreditkarten,0,10,0%,99.8
gnosis card,0,9,0%,19.33
tarjeta cashback crypto,0,9,0%,36.44
nexo crypto,0,9,0%,43
bybit tarjeta,0,9,0%,43.11
crypto tarjeta,0,9,0%,49.56
best crypto cashback card,0,9,0%,54.56
karta visa bitcoin,0,9,0%,62.56
krypto cashback karten,0,9,0%,64.33
cartao de cripto,0,9,0%,68.11
crypto card with rewards,0,9,0%,68.78
bitcoin virtual card,0,9,0%,69.22
cartão de criptomoedas,0,9,0%,70.11
cripto cartao,0,9,0%,72.44
physical crypto card,0,9,0%,73
melhor cartao para bitcoin,0,9,0%,85
crypto card issuer,0,9,0%,102.44
"""rewards card"" -site:reddit.com -site:twitter.com -site:x.com 
-site:wykop.pl -site:tripadvisor.com -site:youtube.com -site:yelp.com 
-site:booking.com -site:facebook.com -site:instagram.com -site:tiktok.com",0,8,0%,5.62
ruby steel,0,8,0%,11.75
meilleur carte crypto,0,8,0%,19.25
carta blu crypto,0,8,0%,22.5
crypto card for international spending,0,8,0%,27.88
kast card:,0,8,0%,28.88
"""bitrefill""",0,8,0%,39.75
metamask card,0,8,0%,52.38
migliori carte criptovalute,0,8,0%,54.5
best crypto credit card,0,8,0%,59.88
crypto rewards,0,8,0%,60.62
cartão de bitcoin,0,8,0%,66.5
whitebit nova card,0,8,0%,67.62
karta kryptowalut,0,8,0%,71.25
carta cripto,0,8,0%,71.88
tarjeta virtual criptomonedas,0,8,0%,73.38
kriptovaluta kártya,0,8,0%,75
crypto physical card,0,8,0%,75.25
tarjeta debito cripto,0,8,0%,81.5
meilleure carte de débit bitcoin,0,8,0%,90.62
krak card vs kraken card,0,7,0%,9.14
iban luxembourg crypto,0,7,0%,17
crypto com diamonds,0,7,0%,18.43
brighty trade,0,7,0%,21.43
crypto cashback kaart,0,7,0%,27
crypto card earn rewards,0,7,0%,51.43
cashback trade republic,0,7,0%,57.86
krypto rewards karte,0,7,0%,67.43
carta per criptovalute,0,7,0%,67.57
melhores cartoes de bitcoins,0,7,0%,68.86
cartao bitcoin,0,7,0%,69
best crypto card uk,0,7,0%,69.14
tarjeta pago bitcoin,0,7,0%,69.14
best crypto credit cards,0,7,0%,69.43
crypto card with perks,0,7,0%,74.57
bitcoin kártya,0,7,0%,75.29
karty bitcoin,0,7,0%,75.29
tarjeta debito criptomoneda,0,7,0%,76.71
karta bitcoin,0,7,0%,79.29
crypto card world,0,7,0%,80.14
crypto wallet provider,0,7,0%,80.57
crypto card with benefits,0,7,0%,81.29
bitcoin crypto card,0,7,0%,81.71
крипто карта,0,7,0%,82.86
best crypto debit card,0,7,0%,84
krypto kreditkarte cashback,0,7,0%,84.29
carta bitcoin,0,7,0%,86
krak karte,0,6,0%,7.67
which is better krak card or kraken card,0,6,0%,10
carta crypto blu,0,6,0%,12.5
free crypto card,0,6,0%,16.5
bit2me,0,6,0%,21.17
kastcard,0,6,0%,29.33
bit2me review,0,6,0%,40
crypto trading cards,0,6,0%,41.83
tarjeta cripto sin kyc,0,6,0%,42
tarjeta criptomonedas visa,0,6,0%,43.33
wirex recensioni,0,6,0%,51
carta cashback crypto,0,6,0%,56.83
carta di debito in bitcoin,0,6,0%,58.67
tarjeta de bitcoins,0,6,0%,59.33
carta visa cripto,0,6,0%,60.83
visa crypto card,0,6,0%,63.67
криптокарта whitebit nova,0,6,0%,64.67
bitcoin karte,0,6,0%,66.17
karta visa krypto,0,6,0%,66.67
cartão para criptomoedas,0,6,0%,71.83
bitcoin credit card uk,0,6,0%,72.67
la carte bitcoin,0,6,0%,76.17
tarjeta debito criptomonedas,0,6,0%,77
tarjeta crypto,0,6,0%,77.17
carte per criptovalute,0,6,0%,77.33
carta debito bitcoin,0,6,0%,77.67
tarjeta de débito cripto,0,6,0%,78.83
carte di debito bitcoin,0,6,0%,79
криптокарты,0,6,0%,88.17
kryptowährung karte,0,6,0%,89.33
krypto visa karte,0,6,0%,90.17
karty kryptowalut,0,6,0%,90.33
best crypto card for digital nomads,0,6,0%,92
baanx,0,5,0%,8.4
kraken card vs krak card,0,5,0%,8.8
tarjeta kraken,0,5,0%,8.8
exa card,0,5,0%,11.4
kraken card cashback,0,5,0%,11.8
crypto.com indigo card,0,5,0%,19.4
"""papaya ltd""",0,5,0%,19.6
ruby steel crypto card,0,5,0%,22.2
carte crypto binance,0,5,0%,22.6
kast card cashback,0,5,0%,27
kast crypto card,0,5,0%,28.4
nexo loyalty,0,5,0%,28.6
uphold fees,0,5,0%,29.4
pay3,0,5,0%,33.8
binance card france,0,5,0%,34.2
tarjetas visa criptomonedas,0,5,0%,44.4
tarjetas bitcoins,0,5,0%,48.4
bybit recensioni,0,5,0%,51.4
beste krypto cashback karte,0,5,0%,58.6
karte bitcoin,0,5,0%,59.4
cardano card,0,5,0%,61.8
visa kryptokarte,0,5,0%,66.8
bybit card alternative,0,5,0%,68.8
bitcoin kártya igénylés,0,5,0%,70.6
cryptocurrency virtual card,0,5,0%,71.2
virtual card by crypto,0,5,0%,72.6
crypto card app,0,5,0%,74
carta visa per criptovalute,0,5,0%,75.2
cardano visa card,0,5,0%,75.4
crypto card low fees,0,5,0%,76.2
bit2me opiniones,0,5,0%,79.2
carte bitcoin funzionanti,0,5,0%,79.2
cripto carta,0,5,0%,80.8
najlepsza karta do kryptowalut,0,5,0%,82.8
crypto spend card,0,5,0%,83.6
compare crypto cards side by side,0,5,0%,83.8
meilleure carte bitcoin,0,5,0%,85.6
crypto virtual debit card,0,5,0%,87
криптокарта,0,5,0%,88.2
web3 credit card,0,5,0%,91.2
krak card vs kraken card which is better,0,4,0%,9.5
cashback binance card,0,4,0%,11.5
sr saphirstein ag,0,4,0%,14.75
krak cashback,0,4,0%,16.25
comprare gnosis,0,4,0%,20
nexo loyalty program,0,4,0%,27.75
revolut crypto card,0,4,0%,28.75
nexo loyalty levels,0,4,0%,29.75
trastra card,0,4,0%,37.75
bybit kreditkarte,0,4,0%,42
ncoin card,0,4,0%,44.5
crypto card rewards,0,4,0%,46.75
binance credit card,0,4,0%,47.75
card to crypto,0,4,0%,49.75
criptomonedas tarjeta,0,4,0%,52.5
tarjeta visa cripto,0,4,0%,52.5
crypto visa card review,0,4,0%,52.75
bybit card fees,0,4,0%,54.75
migliori carte per criptovalute,0,4,0%,56.25
crypto virtual cards,0,4,0%,59.25
crypto card visa,0,4,0%,59.75
carte bitcoin visa,0,4,0%,60.25
best crypto card europe,0,4,0%,64.75
crypto card virtual,0,4,0%,64.75
best crypto credit card 2026,0,4,0%,65.75
virtual crypto visa card,0,4,0%,66.5
best crypto card for europe,0,4,0%,67.25
bitcoin karten,0,4,0%,67.25
visa karte krypto,0,4,0%,73
nexo credit card,0,4,0%,73.75
crypto credit card europe,0,4,0%,76.25
bitcoin bank card,0,4,0%,77
virtual crypto debit card,0,4,0%,77.75
cartões bitcoin visa,0,4,0%,79
migliore carta di debito per bitcoin,0,4,0%,81
tarjetas para operar con bitcoin,0,4,0%,81.75
krypto debit karte,0,4,0%,83
crypto card payment,0,4,0%,83.25
tarjeta débito criptomonedas,0,4,0%,83.5
karty do kryptowaluty,0,4,0%,84
carta debito crypto,0,4,0%,84.5
crypto card for ride sharing,0,4,0%,88
ethereum crypto card,0,4,0%,90.75
kucard,0,3,0%,8.33
fiat24 card,0,3,0%,9.67
bitrefill card,0,3,0%,12
cashback crypto.com lifestyle,0,3,0%,14.33
okx card cashback,0,3,0%,14.67
exa crypto card,0,3,0%,15
okx virtual card,0,3,0%,16.33
trade republic crypto saveback,0,3,0%,19.67
cardano kaufen kreditkarte,0,3,0%,20
crypto revolt,0,3,0%,21
bleap card,0,3,0%,21.67
krypto kreditkarte ohne kyc,0,3,0%,22
bitget card,0,3,0%,23.67
quicko,0,3,0%,25.33
binance card cashback levels,0,3,0%,26
binance cashback levels,0,3,0%,26.33
kucoin card,0,3,0%,29
kast cards,0,3,0%,29.33
trade republic saveback,0,3,0%,35
binance card fees,0,3,0%,36.33
kraken kreditkarte,0,3,0%,36.67
binance karte,0,3,0%,37.33
binance card limits,0,3,0%,39
plutus card review,0,3,0%,40
coinbase tarjeta,0,3,0%,40.33
bybit card cashback,0,3,0%,41.67
binance kreditkarte,0,3,0%,44.67
binance kártya,0,3,0%,45
revolut krypto,0,3,0%,45.33
binance credit card fees,0,3,0%,46
tarjeta visa para criptomonedas,0,3,0%,49
krak kort,0,3,0%,49.33
wirex italia,0,3,0%,51.33
binance crypto card,0,3,0%,53
bit2me card,0,3,0%,54.67
carta bitcoin euro,0,3,0%,55
crypto kortti,0,3,0%,55
virtual card with crypto,0,3,0%,56.67
binance visa card,0,3,0%,59.33
tarjeta internacional crypto,0,3,0%,59.33
bitpanda kreditkarte,0,3,0%,61.33
migliore carta per criptovalute,0,3,0%,62.33
best crypto cards for global travel use.,0,3,0%,65
carta wirex,0,3,0%,65.33
bingcard,0,3,0%,65.67
best crypto cards for frequent flyers.,0,3,0%,66.67
visa card crypto,0,3,0%,66.67
best crypto cards with no annual fees,0,3,0%,67.33
cartoes visa bitcoin,0,3,0%,67.33
bitcoin carte,0,3,0%,69
best crypto wallet europe,0,3,0%,70.33
crypto visa debit card,0,3,0%,70.33
crypto.com test,0,3,0%,71.33
flyback card,0,3,0%,71.33
best crypto credit card uk,0,3,0%,72
deblock bonus,0,3,0%,72.67
best crypto debit card uk,0,3,0%,74.67
cartao de bitcoin,0,3,0%,75.67
carta visa criptovalute,0,3,0%,77
crypto virtual credit card,0,3,0%,77
crypto debit card with cashback,0,3,0%,79.33
carta di debito bitcoin,0,3,0%,80.33
gnosis pay rewards tiers gno holdings spending cap 2026,0,3,0%,80.33
bitcoin alapú kártya,0,3,0%,81.33
carte bitcoin en ligne,0,3,0%,81.33
best crypto card 2023,0,3,0%,82.33
crypto card alternative to credit card,0,3,0%,82.33
crypto cashback platform,0,3,0%,82.67
tarjetas de debito bitcoin,0,3,0%,82.67
tarjetas debito bitcoin,0,3,0%,85.33
crypto loyalty,0,3,0%,87
reloadable crypto card,0,3,0%,87.33
crypto debit card uk,0,3,0%,88
karty do kryptowalut,0,3,0%,88.33
krypto karte deutschland,0,3,0%,88.67
crypto.com kosten,0,3,0%,89
karty do bitcoin,0,3,0%,89.33
debit crypto card,0,3,0%,90.67
crypto betaalkaart,0,3,0%,92
krypto debit karten,0,3,0%,93.67
crypto card for foreign currency spending,0,3,0%,95.33
quicko digital,0,2,0%,4.5
binance card rewards 2026,0,2,0%,6
wireflexion,0,2,0%,7
debittest,0,2,0%,9
midnight visa,0,2,0%,9
top tarjetas crypto con recompensas en españa?,0,2,0%,10
carte okx,0,2,0%,10.5
midnight blue crypto card,0,2,0%,11
revolut midnight blue card,0,2,0%,11
¿cuál es la mejor tarjeta de crédito cripto para recompensas de viaje?,0,2,0%,11
kraken visa card,0,2,0%,11.5
pacy3_card,0,2,0%,12
bnb cash back,0,2,0%,14
deblock cashback,0,2,0%,15
fiat24 sr saphirstein ag,0,2,0%,16
bit2me cashback,0,2,0%,18
carta kraken,0,2,0%,18.5
bleap,0,2,0%,19.5
is krak legit,0,2,0%,19.5
mastercard,0,2,0%,19.5
okx card europe,0,2,0%,19.5
kraken visa,0,2,0%,21
carta nexo cashback,0,2,0%,22
carte cashback crypto,0,2,0%,22
deblock card,0,2,0%,22
trade republic cashback crypto,0,2,0%,22.5
plutus rewards,0,2,0%,23
binance cashback,0,2,0%,25.5
carte bancaire binance,0,2,0%,26.5
tarjetas bitcoin,0,2,0%,26.5
crypto.com obsidian card,0,2,0%,27
coinbase cashback card,0,2,0%,27.5
binance creditcard,0,2,0%,28
binance card eu,0,2,0%,28.5
cripto cards,0,2,0%,28.5
cypher crypto card,0,2,0%,29
kucoin visa card,0,2,0%,29
nexo platinum,0,2,0%,30
plutus cashback,0,2,0%,30
cripto cards world,0,2,0%,30.5
okx card benefits,0,2,0%,30.5
trade republic 1 cashback,0,2,0%,30.5
fiat24 crypto,0,2,0%,31
binance card benefits,0,2,0%,31.5
binance visa,0,2,0%,31.5
ether.fi avis,0,2,0%,32
revolut card crypto,0,2,0%,32.5
binance kreditkarte erfahrungen,0,2,0%,33
cashback bybit card,0,2,0%,33.5
coinbase carte bancaire,0,2,0%,33.5
binance credit card fee,0,2,0%,34.5
bybit visa,0,2,0%,35
crypto card fees,0,2,0%,35
trade republic credit card,0,2,0%,35
kast credit card,0,2,0%,35.5
deblock crypto card,0,2,0%,36
wallet sans kyc,0,2,0%,37
plutus crypto card,0,2,0%,37.5
coinbase debit card cashback,0,2,0%,38
crypto cartão,0,2,0%,38
revolut criptomonedas,0,2,0%,38
binance card europe,0,2,0%,38.5
krak debit card,0,2,0%,38.5
blackcatcard,0,2,0%,39
comision revolut criptomonedas,0,2,0%,39
coinbase visa,0,2,0%,39.5
cashback bybit,0,2,0%,40
crypto reward,0,2,0%,40
kast card fx fee,0,2,0%,41.5
krrak,0,2,0%,41.5
tarjeta bitcoin,0,2,0%,42
crypto.com cashback,0,2,0%,43
cartão crypto,0,2,0%,43.5
wirex card,0,2,0%,43.5
bybit card 10%,0,2,0%,44.5
ruby card,0,2,0%,44.5
bitcoin tarjetas,0,2,0%,45
kast card fees,0,2,0%,45
kraken credit card,0,2,0%,45
okex card,0,2,0%,45
bnb crypto card,0,2,0%,45.5
brighty,0,2,0%,45.5
binance debit card fees,0,2,0%,47.5
bit2me trustpilot,0,2,0%,47.5
bybit karte,0,2,0%,47.5
tarjetas cripto sin kyc,0,2,0%,47.5
tokencard,0,2,0%,48
metamask erfahrungen,0,2,0%,48.5
tarjeta binance,0,2,0%,48.5
tarjeta visa de criptomonedas,0,2,0%,49
uphold europe,0,2,0%,49
tarjeta virtual crypto,0,2,0%,50
carta visa crypto,0,2,0%,50.5
crypto com cashback,0,2,0%,50.5
1 saveback trade republic,0,2,0%,51.5
carte visa bitcoin,0,2,0%,54.5
las mejores ptc del momento,0,2,0%,55
bybit card review,0,2,0%,56
crypto kaart,0,2,0%,57
wirex,0,2,0%,57
trade republic save back,0,2,0%,57.5
acheter gnosis,0,2,0%,58.5
bitget opiniones,0,2,0%,59
tarjeta de bitcoin,0,2,0%,59.5
buy virtual card with crypto,0,2,0%,65
bitget test,0,2,0%,65.5
gno wallet,0,2,0%,65.5
bitcoin visa karte,0,2,0%,66.5
cartao para usar criptomoedas,0,2,0%,66.5
block card,0,2,0%,67.5
bitpanda best,0,2,0%,68.5
crypto debit cards,0,2,0%,69
visa card cryptocurrency,0,2,0%,69
top crypto card,0,2,0%,69.5
cashback criptomonedas,0,2,0%,70
nexocard,0,2,0%,70.5
carta crypto italia,0,2,0%,71
best crypto credit cards 2026 rewards,0,2,0%,71.5
virtual crypto credit card,0,2,0%,71.5
best crypto credit card 2021,0,2,0%,72.5
virtual credit card crypto,0,2,0%,73
best crypto credit cards with rewards 2026,0,2,0%,73.5
cast card,0,2,0%,73.5
tarjeta change bitcoin,0,2,0%,73.5
best crypto credit cards for rewards 2026,0,2,0%,74
crypto coin card,0,2,0%,74
best crypto debit cards europe 2026,0,2,0%,75.5
what is the best crypto card for rewards?,0,2,0%,76
crypto com test,0,2,0%,76.5
tarjetas para comprar criptomonedas,0,2,0%,76.5
virtual visa card crypto,0,2,0%,77.5
crypto card for lifestyle spending,0,2,0%,78
cryptocurrency rewards card,0,2,0%,78
nexo erfahrungen,0,2,0%,78
bitcoin card uk,0,2,0%,78.5
best crypto debit card europe 2026,0,2,0%,79
bitpanda recensioni,0,2,0%,79.5
crypto debit card fees,0,2,0%,80
crypto card alternative to cash,0,2,0%,80.5
top crypto cards,0,2,0%,81
debit card crypto,0,2,0%,82.5
kryptowaluty karta,0,2,0%,82.5
tarjetas debito criptomonedas,0,2,0%,82.5
best bitcoin cashback deals exchange 2025,0,2,0%,83.5
best bitcoin debit card,0,2,0%,83.5
виртуальные криптокарты,0,2,0%,83.5
global crypto card,0,2,0%,84
virtual card bitcoin,0,2,0%,84
best card for people who hold crypto,0,2,0%,84.5
xkard,0,2,0%,85
best crypto cashback cards 2026,0,2,0%,85.5
crypto card alternative to debit card,0,2,0%,85.5
crypto debit card,0,2,0%,85.5
free bitcoin debit card,0,2,0%,85.5
bitcoin debit card europe,0,2,0%,86
crypto card alternative to bank card,0,2,0%,87
criptomoedas cartao,0,2,0%,87.5
which crypto card has the best rewards?,0,2,0%,87.5
carte crypto,0,2,0%,88.5
karty kryptowalutowe,0,2,0%,88.5
mejor tarjeta dã bito bitcoin,0,2,0%,89
крипто карты,0,2,0%,89
konto bitcoin karta,0,2,0%,89.5
best crypto cards premium lifestyle perks,0,2,0%,90
tarjetas de debito criptomonedas,0,2,0%,90
криптокарта visa,0,2,0%,90
crypto exchange debit card,0,2,0%,90.5
crypto card with low fees for everyday use,0,2,0%,91.5
best crypto credit cards with no annual fee 2026,0,2,0%,92
crypto debit card serbia,0,2,0%,94.5
simulateur plus value crypto,0,2,0%,95
branded crypto card,0,2,0%,96.5
crypto card for merchants,0,2,0%,96.5
карта для криптовалюты,0,2,0%,96.5
best crypto visa card 2021,0,2,0%,97
crypto card accepted everywhere,0,2,0%,98.5
fiat24 logo,0,1,0%,1
immagini carta,0,1,0%,1
inglaterra,0,1,0%,1
jak wyglądają karty,0,1,0%,1
krak metal card,0,1,0%,1
kraken debit card,0,1,0%,1
kraken krak card,0,1,0%,1
perks,0,1,0%,1
на ру,0,1,0%,1
مميزات,0,1,0%,1
欧易虚拟卡,0,1,0%,1
"""netflix meme"" -site:reddit.com -site:twitter.com -site:x.com 
-site:wykop.pl -site:tripadvisor.com -site:youtube.com -site:yelp.com 
-site:booking.com -site:facebook.com -site:instagram.com -site:tiktok.com",0,1,0%,2
gnosis pay card,0,1,0%,2
да расскажи,0,1,0%,2
monavate uab,0,1,0%,3
monavate uab fintech,0,1,0%,3
swype cards,0,1,0%,3
papya cashback,0,1,0%,4
"""bitpanda"" -site:reddit.com -site:twitter.com -site:x.com -site:wykop.pl 
-site:tripadvisor.com -site:youtube.com -site:yelp.com -site:booking.com 
-site:facebook.com -site:instagram.com -site:tiktok.com",0,1,0%,5
monavate official website,0,1,0%,5
royal indigo,0,1,0%,5
"""travel cards"" -site:reddit.com -site:twitter.com -site:x.com 
-site:wykop.pl -site:tripadvisor.com -site:youtube.com -site:yelp.com 
-site:booking.com -site:facebook.com -site:instagram.com -site:tiktok.com",0,1,0%,6
bnb cashback,0,1,0%,8
carta crypto gratis,0,1,0%,8
coinbase card europe,0,1,0%,8
metamask card review,0,1,0%,8
nexo cashback,0,1,0%,8
$cards crypto,0,1,0%,9
all crypto cards,0,1,0%,9
carta okx,0,1,0%,9
crypto card fee,0,1,0%,9
crypto saveback trade republic,0,1,0%,9
cypher card,0,1,0%,9
krak card cashback,0,1,0%,9
okx cashback card,0,1,0%,9
raiffeisen infinity,0,1,0%,9
binance card cashback 2026,0,1,0%,10
bybit card cashback rate,0,1,0%,10
combien de cashback offre la carte krak,0,1,0%,10
fusion 98,0,1,0%,10
krack card,0,1,0%,10
krak avis,0,1,0%,10
krak card crypto,0,1,0%,10
metamask card review 2026,0,1,0%,10
okx karte,0,1,0%,10
quanto cashback offre la carta krak,0,1,0%,10
solcard fees,0,1,0%,10
trade republic saveback limit,0,1,0%,10
xplace card,0,1,0%,10
bybit card atm withdrawal fees,0,1,0%,11
bybit eu card fees,0,1,0%,11
cashback cyrpto.comlifestyle,0,1,0%,11
cashback kraken,0,1,0%,11
ether fi tarjeta,0,1,0%,11
evaluate the cryptocurrency company krak on pro > earn,0,1,0%,11
how much cashback does the krak card give?,0,1,0%,11
is it how much cashback does the krak card give?,0,1,0%,11
kraken cashback,0,1,0%,11
mejores tarjetas crypto en españa?,0,1,0%,11
nexo card available countries,0,1,0%,11
okx card review,0,1,0%,11
okxcard,0,1,0%,11
trade republic 1% saveback,0,1,0%,11
bybit card supported countries,0,1,0%,12
crypto.com card cashback,0,1,0%,13
crypto debit card europe,0,1,0%,14
gnosys pay,0,1,0%,14
bitrefi,0,1,0%,15
best cashback crypto card,0,1,0%,16
crypto card for international payments,0,1,0%,16
crypto.com obsidian,0,1,0%,16
deblock visa card,0,1,0%,16
obsidian crypto card,0,1,0%,16
okx kreditkarte,0,1,0%,16
sr saphirstein ag bank,0,1,0%,16
deblock opiniones,0,1,0%,17
crypto.com royal indigo card,0,1,0%,18
krakencards eu,0,1,0%,18
cardano crypto review,0,1,0%,19
carte crypto revolut,0,1,0%,19
virtuelle premium-tarifnummern,0,1,0%,19
bitpanda carte,0,1,0%,20
btc cashback,0,1,0%,20
carte bancaire coinbase,0,1,0%,20
carte coinbase,0,1,0%,20
coinbase carte,0,1,0%,20
krak de kraken,0,1,0%,20
midnight blue card,0,1,0%,20
okx cashback,0,1,0%,20
tarjeta visa para bitcoin,0,1,0%,20
trade republic saveback maximum,0,1,0%,20
bitget kreditkarte,0,1,0%,21
bitterfil,0,1,0%,21
carte di credito per crypto,0,1,0%,21
okx mastercard,0,1,0%,21
cashback okx,0,1,0%,22
deblock france,0,1,0%,22
fiat24 visa card,0,1,0%,22
kraken card rewards,0,1,0%,22
plutus virtual card,0,1,0%,22
tarjeta bleap,0,1,0%,22
kast fee,0,1,0%,23
kast delete card,0,1,0%,24
carte kraken,0,1,0%,25
deblock review,0,1,0%,25
krak card review,0,1,0%,25
okx карта,0,1,0%,25
plutus visa card,0,1,0%,25
beste krypto-kreditkarte,0,1,0%,26
binance card atm withdrawal,0,1,0%,26
deblock reviews,0,1,0%,26
revolut crypto cards,0,1,0%,26
binance carte bancaire,0,1,0%,27
binance cashback voucher,0,1,0%,27
revolut crypto,0,1,0%,27
binance visa card europe,0,1,0%,28
ledger glassdoor,0,1,0%,28
avisynth deblock,0,1,0%,29
binance card rewards,0,1,0%,29
trade republik cashback,0,1,0%,29
cashback trust card,0,1,0%,30
gnosis pay visa,0,1,0%,30
bleap finance review,0,1,0%,31
nexo platinum level,0,1,0%,31
crypto.com midnight blue card,0,1,0%,32
x264 deblock,0,1,0%,32
avis ledger,0,1,0%,33
cards cripto,0,1,0%,33
ledger visa,0,1,0%,33
payback trade republic,0,1,0%,33
trade republic safe back,0,1,0%,33
bitrofil,0,1,0%,34
kast brazil,0,1,0%,34
biterefil,0,1,0%,35
revolut crypto debit card,0,1,0%,35
"(""carte crypto"" or ""néobanque crypto"" or ""krypto karte"" or ""krypto neobank"" 
or ""cartão cripto"") (""visa"" or ""mastercard"") -avis -test -vergleich -review 
-best -listicle -roundup -comparison -vs",0,1,0%,36
bleap cashback,0,1,0%,36
coinbase card visa,0,1,0%,36
crypto card alternative to bank,0,1,0%,36
kast card conversion rate,0,1,0%,36
card coinbase,0,1,0%,37
carte ok,0,1,0%,37
crypto com airport lounge,0,1,0%,37
kraken card review,0,1,0%,37
krypto ohne kyc,0,1,0%,37
wirex recensione,0,1,0%,37
classic trade republic card,0,1,0%,38
kraken gift card,0,1,0%,38
x265 deblock,0,1,0%,38
binance atm card,0,1,0%,39
coinbase europe,0,1,0%,39
crypto card review,0,1,0%,39
bitpanda review,0,1,0%,40
cryptonoshi crypto cards,0,1,0%,40
jade green crypto card,0,1,0%,40
royal crypto,0,1,0%,40
wirex erfahrungen,0,1,0%,40
xplace crypto,0,1,0%,40
crypto.com ruby card,0,1,0%,41
solcard review,0,1,0%,41
bybit card limit,0,1,0%,42
coinbase paysafecard,0,1,0%,42
krak vs kraken,0,1,0%,42
okx crypto card,0,1,0%,42
binance car,0,1,0%,43
deblock recensioni,0,1,0%,43
kast card atm withdrawal,0,1,0%,43
saveback trade republic,0,1,0%,43
trade republic crypto tasse,0,1,0%,43
trade republic metal card,0,1,0%,43
uphold cashback,0,1,0%,43
wallet ohne kyc,0,1,0%,43
bitpanda paysafecard,0,1,0%,44
blackcat card,0,1,0%,44
bybit gift card,0,1,0%,44
crypto card for online payments,0,1,0%,44
crypto obsidian card,0,1,0%,44
crypto.com jade green card,0,1,0%,44
deblock 4%,0,1,0%,44
metamask gebühren,0,1,0%,44
nexo card fees,0,1,0%,44
nexo card limit,0,1,0%,44
plutus gift cards,0,1,0%,44
trade republic karta,0,1,0%,44
traderepublic tarjeta,0,1,0%,44
what is coinbase card,0,1,0%,44
brighty games,0,1,0%,45
buybit card,0,1,0%,45
kast card visa,0,1,0%,45
nexo credit card fees,0,1,0%,45
saveback trade republic avis,0,1,0%,45
solcard,0,1,0%,45
tarjeta coinbase,0,1,0%,45
trade republic amex,0,1,0%,45
carta rossa crypto,0,1,0%,46
crypto com cards,0,1,0%,46
gnosis pay card review,0,1,0%,46
kast card review reddit,0,1,0%,46
krypto haltefrist,0,1,0%,46
okx cards,0,1,0%,46
bybit recensione,0,1,0%,47
card binance,0,1,0%,47
deblock karte,0,1,0%,47
fanny deblock,0,1,0%,47
kast visa card,0,1,0%,47
revolut bitcoin card,0,1,0%,47
uphold mastercard,0,1,0%,47
binance card worth it,0,1,0%,48
coinbase credit card,0,1,0%,48
kraken cards,0,1,0%,48
whitebit картка,0,1,0%,48
binance visa card kosten,0,1,0%,49
kast points,0,1,0%,49
metamask card fee,0,1,0%,49
metamask fees,0,1,0%,49
plutus crypto,0,1,0%,49
tarjeta criptomonedas anónima,0,1,0%,49
baybit card,0,1,0%,50
best crypto rewards,0,1,0%,50
binance visa card fees,0,1,0%,50
birefill,0,1,0%,50
coinbase business card,0,1,0%,50
kast,0,1,0%,50
kast card fee,0,1,0%,50
krake,0,1,0%,50
sol card,0,1,0%,50
kemycard,0,1,0%,51
tarjeta para bitcoin,0,1,0%,51
wirex avis,0,1,0%,51
tarjeta visa criptomonedas,0,1,0%,53
bybit cards,0,1,0%,55
tarjeta binance españa,0,1,0%,55
trade republic card,0,1,0%,55
wirex carta,0,1,0%,55
best card to buy crypto,0,1,0%,56
kast cashback,0,1,0%,56
cashback cripto,0,1,0%,57
bitget recensioni,0,1,0%,58
gnosis crypto card,0,1,0%,58
binance card review,0,1,0%,59
binance cards,0,1,0%,59
bitpanda cashback,0,1,0%,59
contactless crypto card,0,1,0%,59
best bitpanda,0,1,0%,60
best crypto cards for global travel use,0,1,0%,60
coinbase karte,0,1,0%,60
bybit mastercard,0,1,0%,61
jade code,0,1,0%,61
krypto.com kreditkarte,0,1,0%,61
usdt,0,1,0%,61
best crypto card rewards,0,1,0%,62
binance card germany,0,1,0%,62
cryptoback wirex,0,1,0%,62
kast card review,0,1,0%,62
tarjeta bitcoin visa,0,1,0%,62
trade republic physische karte bestellen,0,1,0%,62
carta visa bitcoin,0,1,0%,63
mejores tarjetas crypto,0,1,0%,63
best card crypto,0,1,0%,64
carta bitpanda,0,1,0%,64
crypto diamonds,0,1,0%,64
best crypto credit card travel rewards,0,1,0%,65
best crypto credit cards with no annual fee,0,1,0%,65
gnosis wallet,0,1,0%,65
crypto spending card,0,1,0%,66
virtual credit card with crypto,0,1,0%,66
bitpanda visa,0,1,0%,67
crypto card world token,0,1,0%,67
kyc krypto,0,1,0%,67
tether usdt,0,1,0%,67
best crypto debit cards cashback rewards 2026,0,1,0%,68
carta binance,0,1,0%,68
spectrocard,0,1,0%,68
tarjetas visa bitcoin,0,1,0%,68
uphold credit card,0,1,0%,68
whats the best crypto card,0,1,0%,68
bit2me comisiones,0,1,0%,69
bybit eu card,0,1,0%,69
cashback en crypto,0,1,0%,69
comparateur crypto,0,1,0%,69
metamask kreditkarte,0,1,0%,69
metamask recensioni,0,1,0%,69
prix carte trade republic,0,1,0%,69
best crypto debit cards with cashback 2026,0,1,0%,70
binance kreditkarte deutschland,0,1,0%,70
cardbase,0,1,0%,70
kryptokort,0,1,0%,71
no kyc crypto card,0,1,0%,71
trade republic kreditkarte beantragen,0,1,0%,71
best crypto visa,0,1,0%,72
cryptocards,0,1,0%,72
what is the best crypto card with no monthly fees,0,1,0%,72
crypto com kreditkarten,0,1,0%,73
opiniones bit2me,0,1,0%,73
best crypto credit cards 2026 rewards structure,0,1,0%,74
best crypto rewards programs 2026,0,1,0%,74
bit2me earn opiniones,0,1,0%,74
carte bancaire crypto,0,1,0%,74
crypto card tiers,0,1,0%,74
crypto virtual visa card,0,1,0%,74
onlycoin card,0,1,0%,74
best crypto cards 2026 comparison,0,1,0%,75
best crypto cards comparison,0,1,0%,75
best crypto cards for high net worth.,0,1,0%,75
best crypto rewards credit cards 2026 comparison,0,1,0%,75
best visa crypto card,0,1,0%,75
blockchain card,0,1,0%,75
crypto pay card,0,1,0%,75
crypto wallet with virtual card,0,1,0%,75
crypto.com kreditkarte,0,1,0%,75
karta kryptowalutowa,0,1,0%,75
which crypto card is best,0,1,0%,75
xkode,0,1,0%,75
best crypto cards for russian citizens 2026,0,1,0%,76
best crypto debit card for international use,0,1,0%,76
carta crypto cashback,0,1,0%,76
crypto currency card,0,1,0%,76
spend crypto card,0,1,0%,76
virtual mastercard crypto card,0,1,0%,76
криптокарты для украинцев,0,1,0%,76
best crypto cashback platform,0,1,0%,77
bit2me vs binance,0,1,0%,77
carte debito bitcoin,0,1,0%,77
carte di debito criptovalute,0,1,0%,77
crypto card without credit check,0,1,0%,77
migliori bonus crypto,0,1,0%,77
best crypto debit cards,0,1,0%,78
cartão virtual bitcoin,0,1,0%,78