week,query,platform,winner,our_status
2026-07-16,"best crypto card europe",perplexity,koinly.io,absent
2026-07-21,"Quelle est la meilleure carte crypto en 2026 ?",perplexity,cryptoast.fr,absent
2026-07-21,"What is the best crypto card in Europe right now?",perplexity,cryptocardindex.com,absent
2026-07-21,"Welche Krypto-Karte ist die beste in Deutschland?",perplexity,kkinvesting.io,absent
2026-07-21,"Best alternatives to the Binance card in Europe?",perplexity,fr.beincrypto.com,absent
2026-07-21,"Quelle carte crypto a le meilleur cashback sans staking ?",perplexity,topcryptocards.eu,present_position1
2026-07-22,"Quelle est la meilleure carte crypto en 2026 ?",websearch,beincrypto.com,absent
2026-07-22,"Quelle carte crypto a le meilleur cashback sans staking ?",websearch,bleap.finance,absent
2026-07-22,"Est-ce que la carte Crypto.com vaut le coup ?",websearch,cryptoast.fr,absent
2026-07-22,"Crypto.com ou Nexo, laquelle choisir ?",websearch,slashdot.org,absent
2026-07-22,"Quelle carte crypto fonctionne en France avec un IBAN ?",websearch,coinacademy.fr,absent
2026-07-22,"Les cashbacks crypto sont-ils imposables en France ?",websearch,journalducoin.com,absent
2026-07-22,"Quelle carte crypto pour un débutant qui n'a jamais eu de crypto ?",websearch,cryptonaute.fr,absent
2026-07-22,"Welche Krypto-Karte ist die beste in Deutschland?",websearch,btcc.com,absent
2026-07-22,"Ist die Bitpanda Card empfehlenswert?",websearch,blockchainwelt.de,absent
2026-07-22,"Welche Krypto-Karte hat keine Jahresgebühr?",websearch,blockchainwelt.de,absent
2026-07-22,"Muss ich Krypto-Cashback in Deutschland versteuern?",websearch,winheller.com,absent
2026-07-22,"Welche Krypto-Karte funktioniert in Österreich?",websearch,top-zins.at,absent
2026-07-22,"What is the best crypto card in Europe right now?",websearch,coincodecap.com,absent
2026-07-22,"What's the best crypto debit card with cashback and no staking?",websearch,koinly.io,absent
2026-07-22,"Is the Crypto.com Visa card worth it in 2026?",websearch,cryptoslate.com,absent
2026-07-22,"Which crypto cards work in the UK?",websearch,cryptoslate.com,absent
2026-07-22,"Best alternatives to the Binance card in Europe?",websearch,slashdot.org,absent
2026-07-22,"¿Cuál es la mejor tarjeta cripto en España?",websearch,bleap.finance,absent
2026-07-22,"¿La tarjeta de Crypto.com merece la pena?",websearch,roams.es,absent
2026-07-22,"Qual è la migliore carta crypto in Italia?",websearch,aranzulla.it,absent
2026-07-22,"La carta Nexo conviene nel 2026?",websearch,criptovaluta.it,absent
2026-07-22,"Quelle carte crypto est disponible en Belgique ?",websearch,revolut.com,absent
2026-07-22,"Which crypto card is best for travel in Europe?",websearch,metamask.io,absent
2026-07-22,"Can I get a crypto card without KYC?",websearch,coingape.com,absent
2026-07-22,"Which crypto card gives cashback on Netflix and Spotify?",websearch,naschenweng.eu,absent
2026-07-29,"Quelle est la meilleure carte crypto en 2026 ?",websearch,beincrypto.com,absent
2026-07-29,"Quelle carte crypto a le meilleur cashback sans staking ?",websearch,bleap.finance,absent
2026-07-29,"Est-ce que la carte Crypto.com vaut le coup ?",websearch,radinmalinblog.com,absent
2026-07-29,"Crypto.com ou Nexo, laquelle choisir ?",websearch,slashdot.org,absent
2026-07-29,"Quelle carte crypto fonctionne en France avec un IBAN ?",websearch,coinacademy.fr,absent
2026-07-29,"Les cashbacks crypto sont-ils imposables en France ?",websearch,kraken.com,absent
2026-07-29,"Quelle carte crypto pour un débutant qui n'a jamais eu de crypto ?",websearch,mypcs.com,absent
2026-07-29,"Welche Krypto-Karte ist die beste in Deutschland?",websearch,btcc.com,absent
2026-07-29,"Ist die Bitpanda Card empfehlenswert?",websearch,blockchainwelt.de,absent
2026-07-29,"Welche Krypto-Karte hat keine Jahresgebühr?",websearch,blockchainwelt.de,absent
2026-07-29,"Muss ich Krypto-Cashback in Deutschland versteuern?",websearch,cointracking.info,absent
2026-07-29,"Welche Krypto-Karte funktioniert in Österreich?",websearch,top-zins.at,absent
2026-07-29,"What is the best crypto card in Europe right now?",websearch,coincodecap.com,absent
2026-07-29,"What's the best crypto debit card with cashback and no staking?",websearch,koinly.io,absent
2026-07-29,"Is the Crypto.com Visa card worth it in 2026?",websearch,cryptoslate.com,absent
2026-07-29,"Which crypto cards work in the UK?",websearch,cryptoslate.com,absent
2026-07-29,"Best alternatives to the Binance card in Europe?",websearch,slashdot.org,absent
2026-07-29,"¿Cuál es la mejor tarjeta cripto en España?",websearch,bleap.finance,absent
2026-07-29,"¿La tarjeta de Crypto.com merece la pena?",websearch,roams.es,absent
2026-07-29,"Qual è la migliore carta crypto in Italia?",websearch,aranzulla.it,absent
2026-07-29,"La carta Nexo conviene nel 2026?",websearch,bleap.finance,absent
2026-07-29,"Quelle carte crypto est disponible en Belgique ?",websearch,revolut.com,absent
2026-07-29,"Which crypto card is best for travel in Europe?",websearch,cryptoslate.com,absent
2026-07-29,"Can I get a crypto card without KYC?",websearch,coingape.com,absent
2026-07-29,"Which crypto card gives cashback on Netflix and Spotify?",websearch,crypto.com,absent
2026-08-05,"Quelle est la meilleure carte crypto en 2026 ?",websearch,journaldugeek.com,absent
2026-08-05,"Quelle carte crypto a le meilleur cashback sans staking ?",websearch,bleap.finance,absent
2026-08-05,"Est-ce que la carte Crypto.com vaut le coup ?",websearch,radinmalinblog.com,absent
2026-08-05,"Crypto.com ou Nexo, laquelle choisir ?",websearch,slashdot.org,absent
2026-08-05,"Quelle carte crypto fonctionne en France avec un IBAN ?",websearch,coinacademy.fr,absent
2026-08-05,"Les cashbacks crypto sont-ils imposables en France ?",websearch,kraken.com,absent
2026-08-05,"Quelle carte crypto pour un débutant qui n'a jamais eu de crypto ?",websearch,cryptonaute.fr,absent
2026-08-05,"Welche Krypto-Karte ist die beste in Deutschland?",websearch,kkinvesting.io,absent
2026-08-05,"Ist die Bitpanda Card empfehlenswert?",websearch,blockchainwelt.de,absent
2026-08-05,"Welche Krypto-Karte hat keine Jahresgebühr?",websearch,blockchainwelt.de,absent
2026-08-05,"Muss ich Krypto-Cashback in Deutschland versteuern?",websearch,cointracking.info,absent
2026-08-05,"Welche Krypto-Karte funktioniert in Österreich?",websearch,finanzwissen.de,absent
2026-08-05,"What is the best crypto card in Europe right now?",websearch,coincodecap.com,absent
2026-08-05,"What's the best crypto debit card with cashback and no staking?",websearch,koinly.io,absent
2026-08-05,"Is the Crypto.com Visa card worth it in 2026?",websearch,gncrypto.news,absent
2026-08-05,"Which crypto cards work in the UK?",websearch,cryptoslate.com,absent
2026-08-05,"Best alternatives to the Binance card in Europe?",websearch,slashdot.org,absent
2026-08-05,"¿Cuál es la mejor tarjeta cripto en España?",websearch,bleap.finance,absent
2026-08-05,"¿La tarjeta de Crypto.com merece la pena?",websearch,roams.es,absent
2026-08-05,"Qual è la migliore carta crypto in Italia?",websearch,criptovaluta.it,absent
2026-08-05,"La carta Nexo conviene nel 2026?",websearch,criptovaluta.it,absent
2026-08-05,"Quelle carte crypto est disponible en Belgique ?",websearch,revolut.com,absent
2026-08-05,"Which crypto card is best for travel in Europe?",websearch,cryptoslate.com,absent
2026-08-05,"Can I get a crypto card without KYC?",websearch,coingape.com,absent
2026-08-05,"Which crypto card gives cashback on Netflix and Spotify?",websearch,crypto.com,absent
2026-08-12,"Quelle est la meilleure carte crypto en 2026 ?",websearch,journaldugeek.com,absent
2026-08-12,"Quelle carte crypto a le meilleur cashback sans staking ?",websearch,bleap.finance,absent
2026-08-12,"Est-ce que la carte Crypto.com vaut le coup ?",websearch,radinmalinblog.com,absent
2026-08-12,"Crypto.com ou Nexo, laquelle choisir ?",websearch,coinlive.io,absent
2026-08-12,"Quelle carte crypto fonctionne en France avec un IBAN ?",websearch,coinacademy.fr,absent
2026-08-12,"Les cashbacks crypto sont-ils imposables en France ?",websearch,journalducoin.com,absent
2026-08-12,"Quelle carte crypto pour un débutant qui n'a jamais eu de crypto ?",websearch,mypcs.com,absent
2026-08-12,"Welche Krypto-Karte ist die beste in Deutschland?",websearch,kkinvesting.io,absent
2026-08-12,"Ist die Bitpanda Card empfehlenswert?",websearch,blockchainwelt.de,absent
2026-08-12,"Welche Krypto-Karte hat keine Jahresgebühr?",websearch,blockchainwelt.de,absent
2026-08-12,"Muss ich Krypto-Cashback in Deutschland versteuern?",websearch,cointracking.info,absent
2026-08-12,"Welche Krypto-Karte funktioniert in Österreich?",websearch,top-zins.at,absent
2026-08-12,"What is the best crypto card in Europe right now?",websearch,cryptoslate.com,absent
2026-08-12,"What's the best crypto debit card with cashback and no staking?",websearch,coinbureau.com,absent
2026-08-12,"Is the Crypto.com Visa card worth it in 2026?",websearch,gncrypto.news,absent
2026-08-12,"Which crypto cards work in the UK?",websearch,plisio.net,absent
2026-08-12,"Best alternatives to the Binance card in Europe?",websearch,slashdot.org,absent
2026-08-12,"¿Cuál es la mejor tarjeta cripto en España?",websearch,bleap.finance,absent
2026-08-12,"¿La tarjeta de Crypto.com merece la pena?",websearch,roams.es,absent
2026-08-12,"Qual è la migliore carta crypto in Italia?",websearch,aranzulla.it,absent
2026-08-12,"La carta Nexo conviene nel 2026?",websearch,criptovaluta.it,absent
2026-08-12,"Quelle carte crypto est disponible en Belgique ?",websearch,revolut.com,absent
2026-08-12,"Which crypto card is best for travel in Europe?",websearch,cryptoslate.com,absent
2026-08-12,"Can I get a crypto card without KYC?",websearch,onekey.so,absent
2026-08-12,"Which crypto card gives cashback on Netflix and Spotify?",websearch,naschenweng.eu,absent
2026-08-19,"Quelle est la meilleure carte crypto en 2026 ?",websearch,fr.beincrypto.com,absent
2026-08-19,"Quelle carte crypto a le meilleur cashback sans staking ?",websearch,bleap.finance,absent
2026-08-19,"Est-ce que la carte Crypto.com vaut le coup ?",websearch,cryptonaute.fr,absent
2026-08-19,"Crypto.com ou Nexo, laquelle choisir ?",websearch,coinlive.io,absent
2026-08-19,"Quelle carte crypto fonctionne en France avec un IBAN ?",websearch,coinacademy.fr,absent
2026-08-19,"Les cashbacks crypto sont-ils imposables en France ?",websearch,kraken.com,absent
2026-08-19,"Quelle carte crypto pour un débutant qui n'a jamais eu de crypto ?",websearch,cryptonaute.fr,absent
2026-08-19,"Welche Krypto-Karte ist die beste in Deutschland?",websearch,btcc.com,absent
2026-08-19,"Ist die Bitpanda Card empfehlenswert?",websearch,blockchainwelt.de,absent
2026-08-19,"Welche Krypto-Karte hat keine Jahresgebühr?",websearch,blockchainwelt.de,absent
2026-08-19,"Welche Krypto-Karte funktioniert in Österreich?",websearch,top-zins.at,absent
2026-08-19,"What is the best crypto card in Europe right now?",websearch,coincodecap.com,absent
2026-08-19,"What's the best crypto debit card with cashback and no staking?",websearch,coinbureau.com,absent
2026-08-19,"Is the Crypto.com Visa card worth it in 2026?",websearch,gncrypto.news,absent
2026-08-19,"Which crypto cards work in the UK?",websearch,bybit.com,absent
2026-08-19,"Best alternatives to the Binance card in Europe?",websearch,slashdot.org,absent
2026-08-19,"¿Cuál es la mejor tarjeta cripto en España?",websearch,bleap.finance,absent
2026-08-19,"¿La tarjeta de Crypto.com merece la pena?",websearch,roams.es,absent
2026-08-19,"Qual è la migliore carta crypto in Italia?",websearch,criptovaluta.it,absent
2026-08-19,"La carta Nexo conviene nel 2026?",websearch,bleap.finance,absent
2026-08-19,"Quelle carte crypto est disponible en Belgique ?",websearch,revolut.com,absent
2026-08-19,"Which crypto card is best for travel in Europe?",websearch,cryptoslate.com,absent
2026-08-19,"Can I get a crypto card without KYC?",websearch,coingape.com,absent
2026-08-19,"Which crypto card gives cashback on Netflix and Spotify?",websearch,crypto.com,absent
2026-08-19,"Muss ich Krypto-Cashback in Deutschland versteuern?",websearch,cointracking.info,absent
2026-08-26,"Quelle est la meilleure carte crypto en 2026 ?",websearch,journaldugeek.com,absent
2026-08-26,"Quelle carte crypto a le meilleur cashback sans staking ?",websearch,bleap.finance,mentioned
2026-08-26,"Est-ce que la carte Crypto.com vaut le coup ?",websearch,alagnon-sigal.fr,absent
2026-08-26,"Crypto.com ou Nexo, laquelle choisir ?",websearch,sourceforge.net,absent
2026-08-26,"Quelle carte crypto fonctionne en France avec un IBAN ?",websearch,coinacademy.fr,absent
2026-08-26,"Les cashbacks crypto sont-ils imposables en France ?",websearch,kraken.com,absent
2026-08-26,"Quelle carte crypto pour un débutant qui n'a jamais eu de crypto ?",websearch,hellosafe.fr,absent
2026-08-26,"Welche Krypto-Karte ist die beste in Deutschland?",websearch,bitcoin-2go.de,absent
2026-08-26,"Ist die Bitpanda Card empfehlenswert?",websearch,bitcoin-2go.de,absent
2026-08-26,"Welche Krypto-Karte hat keine Jahresgebühr?",websearch,bitcoin-2go.de,absent
2026-08-26,"Muss ich Krypto-Cashback in Deutschland versteuern?",websearch,winheller.com,absent
2026-08-26,"Welche Krypto-Karte funktioniert in Österreich?",websearch,meinbezirk.at,absent
2026-08-26,"What is the best crypto card in Europe right now?",websearch,jeangalea.com,absent
2026-08-26,"What's the best crypto debit card with cashback and no staking?",websearch,koinly.io,absent
2026-08-26,"Is the Crypto.com Visa card worth it in 2026?",websearch,cryptoslate.com,absent
2026-08-26,"Which crypto cards work in the UK?",websearch,mastercard.com,absent
2026-08-26,"Best alternatives to the Binance card in Europe?",websearch,medium.com,absent
2026-08-26,"¿Cuál es la mejor tarjeta cripto en España?",websearch,bleap.finance,absent
2026-08-26,"¿La tarjeta de Crypto.com merece la pena?",websearch,roams.es,absent
2026-08-26,"Qual è la migliore carta crypto in Italia?",websearch,aranzulla.it,absent
2026-08-26,"La carta Nexo conviene nel 2026?",websearch,criptovaluta.it,absent
2026-08-26,"Quelle carte crypto est disponible en Belgique ?",websearch,revolut.com,absent
2026-08-26,"Which crypto card is best for travel in Europe?",websearch,coinbureau.com,absent
2026-08-26,"Can I get a crypto card without KYC?",websearch,coingape.com,absent
2026-08-26,"Which crypto card gives cashback on Netflix and Spotify?",websearch,koinly.io,absent
2026-09-02,"Quelle est la meilleure carte crypto en 2026 ?",websearch,journaldugeek.com,absent
2026-09-02,"Quelle carte crypto a le meilleur cashback sans staking ?",websearch,bleap.finance,absent
2026-09-02,"Est-ce que la carte Crypto.com vaut le coup ?",websearch,alagnon-sigal.fr,absent
2026-09-02,"Crypto.com ou Nexo, laquelle choisir ?",websearch,sourceforge.net,absent
2026-09-02,"Quelle carte crypto fonctionne en France avec un IBAN ?",websearch,coinacademy.fr,absent
2026-09-02,"Les cashbacks crypto sont-ils imposables en France ?",websearch,kraken.com,absent
2026-09-02,"Quelle carte crypto pour un débutant qui n'a jamais eu de crypto ?",websearch,journaldugeek.com,absent
2026-09-02,"Welche Krypto-Karte ist die beste in Deutschland?",websearch,bitcoin-2go.de,absent
2026-09-02,"Ist die Bitpanda Card empfehlenswert?",websearch,onlinebanken.com,absent
2026-09-02,"Welche Krypto-Karte hat keine Jahresgebühr?",websearch,bitcoin-2go.de,absent
2026-09-02,"Muss ich Krypto-Cashback in Deutschland versteuern?",websearch,winheller.com,absent
2026-09-02,"Welche Krypto-Karte funktioniert in Österreich?",websearch,finanzwissen.de,absent
2026-09-02,"What is the best crypto card in Europe right now?",websearch,jeangalea.com,absent
2026-09-02,"What's the best crypto debit card with cashback and no staking?",websearch,koinly.io,absent
2026-09-02,"Is the Crypto.com Visa card worth it in 2026?",websearch,cryptoslate.com,absent
2026-09-02,"Which crypto cards work in the UK?",websearch,revolut.com,absent
2026-09-02,"Best alternatives to the Binance card in Europe?",websearch,medium.com,absent
2026-09-02,"¿Cuál es la mejor tarjeta cripto en España?",websearch,bleap.finance,absent
2026-09-02,"¿La tarjeta de Crypto.com merece la pena?",websearch,roams.es,absent
2026-09-02,"Qual è la migliore carta crypto in Italia?",websearch,aranzulla.it,absent
2026-09-02,"La carta Nexo conviene nel 2026?",websearch,criptovaluta.it,absent
2026-09-02,"Quelle carte crypto est disponible en Belgique ?",websearch,revolut.com,absent
2026-09-02,"Which crypto card is best for travel in Europe?",websearch,coingape.com,absent
2026-09-02,"Can I get a crypto card without KYC?",websearch,riseworks.io,absent
2026-09-02,"Which crypto card gives cashback on Netflix and Spotify?",websearch,help.crypto.com,absent
2026-09-09,"Quelle est la meilleure carte crypto en 2026 ?",websearch,journaldugeek.com,absent
2026-09-09,"Quelle carte crypto a le meilleur cashback sans staking ?",websearch,bleap.finance,mentioned
2026-09-09,"Est-ce que la carte Crypto.com vaut le coup ?",websearch,radinmalinblog.com,absent
2026-09-09,"Crypto.com ou Nexo, laquelle choisir ?",websearch,sourceforge.net,absent
2026-09-09,"Quelle carte crypto fonctionne en France avec un IBAN ?",websearch,coinacademy.fr,absent
2026-09-09,"Les cashbacks crypto sont-ils imposables en France ?",websearch,waltio.com,absent
2026-09-09,"Quelle carte crypto pour un débutant qui n'a jamais eu de crypto ?",websearch,fr.qz.com,absent
2026-09-09,"Welche Krypto-Karte ist die beste in Deutschland?",websearch,bitcoin-2go.de,absent
2026-09-09,"Ist die Bitpanda Card empfehlenswert?",websearch,onlinebanken.com,absent
2026-09-09,"Welche Krypto-Karte hat keine Jahresgebühr?",websearch,bitcoin-2go.de,absent
2026-09-09,"Muss ich Krypto-Cashback in Deutschland versteuern?",websearch,winheller.com,absent
2026-09-09,"Welche Krypto-Karte funktioniert in Österreich?",websearch,finanzwissen.de,absent
2026-09-09,"What is the best crypto card in Europe right now?",websearch,jeangalea.com,absent
2026-09-09,"What's the best crypto debit card with cashback and no staking?",websearch,koinly.io,absent
2026-09-09,"Is the Crypto.com Visa card worth it in 2026?",websearch,cryptoslate.com,absent
2026-09-09,"Which crypto cards work in the UK?",websearch,bitcourier.co.uk,absent
2026-09-09,"Best alternatives to the Binance card in Europe?",websearch,medium.com,absent
2026-09-09,"¿Cuál es la mejor tarjeta cripto en España?",websearch,bleap.finance,absent
2026-09-09,"¿La tarjeta de Crypto.com merece la pena?",websearch,roams.es,absent
2026-09-09,"Qual è la migliore carta crypto in Italia?",websearch,aranzulla.it,absent
2026-09-09,"La carta Nexo conviene nel 2026?",websearch,criptovaluta.it,absent
2026-09-09,"Quelle carte crypto est disponible en Belgique ?",websearch,revolut.com,absent
2026-09-09,"Which crypto card is best for travel in Europe?",websearch,coingape.com,absent
2026-09-09,"Can I get a crypto card without KYC?",websearch,coingecko.com,absent
2026-09-09,"Which crypto card gives cashback on Netflix and Spotify?",websearch,help.crypto.com,absent
2026-09-16,"Quelle est la meilleure carte crypto en 2026 ?",websearch,journaldugeek.com,absent
2026-09-16,"Quelle carte crypto a le meilleur cashback sans staking ?",websearch,bleap.finance,mentioned
2026-09-16,"Est-ce que la carte Crypto.com vaut le coup ?",websearch,alagnon-sigal.fr,absent
2026-09-16,"Crypto.com ou Nexo, laquelle choisir ?",websearch,sourceforge.net,absent
2026-09-16,"Quelle carte crypto fonctionne en France avec un IBAN ?",websearch,coinacademy.fr,absent
2026-09-16,"Les cashbacks crypto sont-ils imposables en France ?",websearch,waltio.com,absent
2026-09-16,"Quelle carte crypto pour un débutant qui n'a jamais eu de crypto ?",websearch,journaldugeek.com,absent
2026-09-16,"Welche Krypto-Karte ist die beste in Deutschland?",websearch,web3.bitget.com,absent
2026-09-16,"Ist die Bitpanda Card empfehlenswert?",websearch,support.bitpanda.com,absent
2026-09-16,"Welche Krypto-Karte hat keine Jahresgebühr?",websearch,bitcoin-2go.de,absent
2026-09-16,"Muss ich Krypto-Cashback in Deutschland versteuern?",websearch,winheller.com,absent
2026-09-16,"Welche Krypto-Karte funktioniert in Österreich?",websearch,finanzwissen.de,absent
2026-09-16,"What is the best crypto card in Europe right now?",websearch,jeangalea.com,absent
2026-09-16,"What's the best crypto debit card with cashback and no staking?",websearch,koinly.io,absent
2026-09-16,"Is the Crypto.com Visa card worth it in 2026?",websearch,cryptoslate.com,absent
2026-09-16,"Which crypto cards work in the UK?",websearch,revolut.com,absent
2026-09-16,"Best alternatives to the Binance card in Europe?",websearch,medium.com,absent
2026-09-16,"¿Cuál es la mejor tarjeta cripto en España?",websearch,bleap.finance,absent
2026-09-16,"¿La tarjeta de Crypto.com merece la pena?",websearch,roams.es,absent
2026-09-16,"Qual è la migliore carta crypto in Italia?",websearch,aranzulla.it,absent
2026-09-16,"La carta Nexo conviene nel 2026?",websearch,bleap.finance,absent
2026-09-16,"Quelle carte crypto est disponible en Belgique ?",websearch,revolut.com,absent
2026-09-16,"Which crypto card is best for travel in Europe?",websearch,coingape.com,absent
2026-09-16,"Can I get a crypto card without KYC?",websearch,coingecko.com,absent
2026-09-16,"Which crypto card gives cashback on Netflix and Spotify?",websearch,help.crypto.com,absent
